observation_date,DTB3,SOFR90DAYAVG,SOFR,FEDFUNDS,VIXCLS
2020-01-01,,,,1.55,
2020-01-02,1.51,1.6569,1.54,,12.47
2020-01-03,1.49,1.65378,1.55,,14.02
2020-01-06,1.53,1.64463,1.55,,13.85
2020-01-07,1.51,1.64128,1.56,,13.79
2020-01-08,1.51,1.63805,1.55,,13.45
2020-01-09,1.51,1.6347,1.55,,12.54
2020-01-10,1.51,1.63135,1.55,,12.56
2020-01-13,1.54,1.62132,1.54,,12.32
2020-01-14,1.54,1.61618,1.55,,12.39
2020-01-15,1.54,1.61061,1.56,,12.42
2020-01-16,1.52,1.60626,1.55,,12.32
2020-01-17,1.53,1.60258,1.54,,12.1
2020-01-20,,,,,
2020-01-21,1.53,1.58774,1.54,,12.85
2020-01-22,1.52,1.58406,1.54,,12.91
2020-01-23,1.52,1.58049,1.54,,12.98
2020-01-24,1.51,1.57714,1.53,,14.56
2020-01-27,1.52,1.56699,1.53,,18.23
2020-01-28,1.54,1.56387,1.53,,16.28
2020-01-29,1.53,1.56063,1.53,,16.39
2020-01-30,1.54,1.55807,1.58,,15.49
2020-01-31,1.52,1.55807,1.6,,18.84
2020-02-01,,,,1.58,
2020-02-03,1.54,1.55896,1.59,,17.97
2020-02-04,1.54,1.55907,1.6,,16.05
2020-02-05,1.54,1.55941,1.59,,15.15
2020-02-06,1.54,1.55974,1.59,,14.96
2020-02-07,1.53,1.56008,1.58,,15.47
2020-02-10,1.55,1.56075,1.58,,15.04
2020-02-11,1.54,1.56086,1.58,,15.18
2020-02-12,1.55,1.56097,1.57,,13.74
2020-02-13,1.56,1.56086,1.57,,14.15
2020-02-14,1.55,1.56064,1.58,,13.68
2020-02-17,,,,,
2020-02-18,1.55,1.56074,1.6,,14.83
2020-02-19,1.55,1.56108,1.59,,14.38
2020-02-20,1.55,1.56119,1.6,,15.56
2020-02-21,1.53,1.56142,1.58,,17.08
2020-02-24,1.5,1.56164,1.58,,25.03
2020-02-25,1.5,1.56208,1.59,,27.85
2020-02-26,1.5,1.56253,1.58,,27.56
2020-02-27,1.42,1.56286,1.58,,39.16
2020-02-28,1.25,1.56209,1.6,,40.11
2020-03-01,,,,0.65,
2020-03-02,1.1,1.56063,1.59,,33.42
2020-03-03,0.93,1.56108,1.64,,36.82
2020-03-04,0.71,1.5622,1.23,,31.99
2020-03-05,0.61,1.55863,1.12,,39.62
2020-03-06,0.45,1.5538299999999998,1.1,,41.94
2020-03-09,0.32,1.53866,1.09,,54.46
2020-03-10,0.43,1.5335299999999998,1.11,,47.3
2020-03-11,0.41,1.52874,1.15,,53.9
2020-03-12,0.33,1.5245,1.2,,75.47
2020-03-13,0.27,1.52071,1.1,,57.83
2020-03-16,0.24,1.50509,0.26,,82.69
2020-03-17,0.19,1.49082,0.54,,75.91
2020-03-18,0.02,1.47978,0.1,,76.45
2020-03-19,0.04,1.46383,0.06,,72.0
2020-03-20,0.05,1.44744,0.04,,66.04
2020-03-23,0.02,1.39771,0.02,,61.59
2020-03-24,0.01,1.38099,0.01,,61.67
2020-03-25,-0.04,1.36415,0.01,,63.95
2020-03-26,-0.05,1.34732,0.01,,61.0
2020-03-27,0.03,1.33037,0.01,,65.54
2020-03-30,0.12,1.2794299999999998,0.01,,57.08
2020-03-31,0.11,1.26227,0.01,,53.54
2020-04-01,0.09,1.2451,0.01,0.05,57.06
2020-04-02,0.09,1.22805,0.01,,50.91
2020-04-03,0.1,1.21089,0.01,,46.8
2020-04-06,0.15,1.15941,0.01,,45.24
2020-04-07,0.14,1.14213,0.01,,46.7
2020-04-08,0.22,1.12498,0.01,,43.35
2020-04-09,0.25,1.10782,0.01,,41.67
2020-04-10,,,,,
2020-04-13,0.26,1.0393,0.02,,41.17
2020-04-14,0.2,1.02226,0.06,,37.76
2020-04-15,0.14,1.00555,0.03,,40.84
2020-04-16,0.14,0.98862,0.03,,40.11
2020-04-17,0.12,0.9718,0.03,,38.15
2020-04-20,0.12,0.92136,0.02,,43.83
2020-04-21,0.11,0.90443,0.01,,45.41
2020-04-22,0.12,0.88739,0.01,,41.98
2020-04-23,0.11,0.8703499999999998,0.01,,41.38
2020-04-24,0.12,0.8534299999999999,0.03,,35.93
2020-04-27,0.12,0.8033299999999999,0.03,,33.29
2020-04-28,0.11,0.78663,0.01,,33.57
2020-04-29,0.1,0.76971,0.01,,31.23
2020-04-30,0.09,0.75223,0.04,,34.15
2020-05-01,0.12,0.73487,0.03,0.05,37.19
2020-05-04,0.13,0.6825499999999999,0.05,,35.97
2020-05-05,0.13,0.6653,0.05,,33.61
2020-05-06,0.12,0.64816,0.05,,34.12
2020-05-07,0.11,0.6310299999999999,0.05,,31.44
2020-05-08,0.12,0.6139999999999999,0.06,,27.98
2020-05-11,0.12,0.5632599999999999,0.06,,27.57
2020-05-12,0.13,0.54635,0.06,,33.04
2020-05-13,0.13,0.5295499999999999,0.04,,35.28
2020-05-14,0.12,0.51253,0.02,,32.61
2020-05-15,0.12,0.49518,0.05,,31.89
2020-05-18,0.13,0.4441199999999999,0.04,,29.3
2020-05-19,0.13,0.4267699999999999,0.04,,30.53
2020-05-20,0.12,0.40953,0.01,,27.99
2020-05-21,0.12,0.39184,0.02,,29.53
2020-05-22,0.12,0.3745,0.04,,28.16
2020-05-25,,,,,
2020-05-26,0.14,0.3058799999999999,0.06,,28.01
2020-05-27,0.15,0.28898,0.06,,27.62
2020-05-28,0.15,0.2720799999999999,0.06,,28.59
2020-05-29,0.14,0.2549599999999999,0.06,,27.51
2020-06-01,0.14,0.20371,0.06,0.08,28.23
2020-06-02,0.15,0.18615,0.07,,26.84
2020-06-03,0.16,0.1732599999999999,0.06,,25.66
2020-06-04,0.15,0.16147,0.07,,25.81
2020-06-05,0.15,0.1500199999999999,0.07,,24.52
2020-06-08,0.17,0.11579,0.07,,25.81
2020-06-09,0.19,0.1042299999999999,0.08,,27.57
2020-06-10,0.17,0.0923399999999998,0.07,,27.57
2020-06-11,0.17,0.0797799999999999,0.08,,40.79
2020-06-12,0.16,0.0684499999999999,0.08,,36.09
2020-06-15,0.18,0.0437799999999999,0.09,,34.4
2020-06-16,0.17,0.03878,0.09,,33.67
2020-06-17,0.17,0.0386699999999998,0.09,,33.47
2020-06-18,0.16,0.039,0.09,,32.94
2020-06-19,0.15,0.0395599999999999,0.09,,35.12
2020-06-22,0.16,0.04145,0.08,,31.77
2020-06-23,0.16,0.04222,0.07,,31.37
2020-06-24,0.15,0.0428899999999999,0.08,,33.84
2020-06-25,0.16,0.04367,0.09,,32.22
2020-06-26,0.14,0.04456,0.08,,34.73
2020-06-29,0.14,0.04689,0.08,,31.78
2020-06-30,0.16,0.0476699999999999,0.1,,30.43
2020-07-01,0.14,0.0486699999999999,0.11,0.09,28.62
2020-07-02,0.14,0.0497799999999999,0.11,,27.68
2020-07-03,,,,,
2020-07-06,0.15,0.0542299999999999,0.1,,27.94
2020-07-07,0.15,0.0552299999999998,0.1,,29.43
2020-07-08,0.15,0.0562299999999998,0.1,,28.08
2020-07-09,0.13,0.0572299999999998,0.1,,29.26
2020-07-10,0.13,0.0582299999999999,0.1,,27.29
2020-07-13,0.14,0.06112,0.1,,32.19
2020-07-14,0.15,0.0615599999999999,0.11,,29.52
2020-07-15,0.16,0.0624499999999999,0.13,,27.76
2020-07-16,0.11,0.06356,0.12,,28.0
2020-07-17,0.11,0.06456,0.12,,25.68
2020-07-20,0.13,0.0676699999999999,0.12,,24.46
2020-07-21,0.13,0.0688899999999998,0.11,,24.84
2020-07-22,0.13,0.07001,0.1,,24.32
2020-07-23,0.12,0.07101,0.1,,26.08
2020-07-24,0.11,0.0717799999999999,0.1,,25.84
2020-07-27,0.11,0.07412,0.1,,24.74
2020-07-28,0.11,0.07512,0.1,,25.44
2020-07-29,0.11,0.0761199999999999,0.09,,24.1
2020-07-30,0.09,0.07667,0.1,,24.76
2020-07-31,0.09,0.07745,0.1,,24.46
2020-08-01,,,,0.1,
2020-08-03,0.1,0.07956,0.1,,24.28
2020-08-04,0.09,0.0801199999999999,0.09,,23.76
2020-08-05,0.1,0.08056,0.09,,22.99
2020-08-06,0.1,0.0810099999999999,0.09,,22.65
2020-08-07,0.1,0.0813399999999999,0.09,,22.21
2020-08-10,0.11,0.0823399999999999,0.09,,22.13
2020-08-11,0.11,0.0826799999999999,0.1,,24.03
2020-08-12,0.11,0.0833399999999999,0.09,,22.28
2020-08-13,0.1,0.08412,0.09,,22.13
2020-08-14,0.1,0.0845599999999999,0.09,,22.05
2020-08-17,0.1,0.08601,0.1,,21.35
2020-08-18,0.09,0.0866799999999999,0.09,,21.51
2020-08-19,0.11,0.0875599999999999,0.09,,22.54
2020-08-20,0.11,0.08834,0.07,,22.72
2020-08-21,0.1,0.0886799999999999,0.07,,22.54
2020-08-24,0.12,0.0896799999999999,0.08,,22.37
2020-08-25,0.11,0.0898999999999999,0.08,,22.03
2020-08-26,0.11,0.09012,0.07,,23.27
2020-08-27,0.11,0.0902299999999998,0.07,,24.47
2020-08-28,0.1,0.09034,0.07,,22.96
2020-08-31,0.11,0.0906799999999999,0.09,,26.41
2020-09-01,0.12,0.0908999999999999,0.09,0.09,26.12
2020-09-02,0.12,0.0912299999999998,0.09,,26.57
2020-09-03,0.11,0.09145,0.1,,33.6
2020-09-04,0.11,0.0917899999999999,0.09,,30.75
2020-09-07,,,,,
2020-09-08,0.13,0.09257,0.09,,31.46
2020-09-09,0.12,0.0927899999999999,0.09,,28.81
2020-09-10,0.12,0.0928999999999999,0.09,,29.71
2020-09-11,0.11,0.0930099999999999,0.09,,26.87
2020-09-14,0.11,0.0932299999999999,0.09,,25.85
2020-09-15,0.11,0.0932299999999999,0.1,,25.59
2020-09-16,0.12,0.0933399999999998,0.1,,26.04
2020-09-17,0.09,0.09346,0.1,,26.46
2020-09-18,0.1,0.09357,0.09,,25.83
2020-09-21,0.1,0.0936799999999999,0.08,,27.78
2020-09-22,0.1,0.0937899999999999,0.07,,26.86
2020-09-23,0.11,0.0936799999999999,0.06,,28.58
2020-09-24,0.1,0.0933399999999998,0.07,,28.51
2020-09-25,0.1,0.0932299999999999,0.08,,26.38
2020-09-28,0.11,0.0932299999999999,0.08,,26.19
2020-09-29,0.09,0.0930099999999999,0.07,,26.27
2020-09-30,0.1,0.09257,0.08,,26.37
2020-10-01,0.09,0.0922299999999998,0.08,0.09,26.7
2020-10-02,0.09,0.0918999999999999,0.1,,27.63
2020-10-05,0.1,0.0916799999999999,0.09,,27.96
2020-10-06,0.1,0.0915699999999999,0.1,,29.48
2020-10-07,0.1,0.0915699999999999,0.09,,28.06
2020-10-08,0.09,0.09145,0.08,,26.36
2020-10-09,0.1,0.0912299999999998,0.09,,25.0
2020-10-12,,,,,25.07
2020-10-13,0.11,0.0906799999999999,0.09,,26.07
2020-10-14,0.12,0.0902299999999998,0.09,,26.4
2020-10-15,0.11,0.0898999999999999,0.1,,26.97
2020-10-16,0.11,0.0896799999999999,0.09,,27.41
2020-10-19,0.11,0.0886799999999999,0.09,,29.18
2020-10-20,0.1,0.08845,0.08,,29.35
2020-10-21,0.1,0.0882299999999999,0.07,,28.65
2020-10-22,0.09,0.0879,0.07,,28.11
2020-10-23,0.1,0.0875599999999999,0.08,,27.55
2020-10-26,0.11,0.0869,0.09,,32.46
2020-10-27,0.1,0.0867899999999998,0.09,,33.35
2020-10-28,0.1,0.0867899999999998,0.08,,40.28
2020-10-29,0.09,0.0865599999999999,0.09,,37.59
2020-10-30,0.09,0.0864499999999999,0.09,,38.02
2020-11-01,,,,0.09,
2020-11-02,0.09,0.08612,0.11,,37.13
2020-11-03,0.1,0.08634,0.1,,35.55
2020-11-04,0.1,0.0864499999999999,0.1,,29.57
2020-11-05,0.1,0.0865599999999999,0.11,,27.58
2020-11-06,0.1,0.0867899999999998,0.1,,24.86
2020-11-09,0.11,0.08712,0.1,,25.75
2020-11-10,0.1,0.08712,0.1,,24.8
2020-11-11,,,,,23.45
2020-11-12,0.1,0.08734,0.09,,25.35
2020-11-13,0.09,0.08734,0.09,,23.1
2020-11-16,0.09,0.08723,0.1,,22.45
2020-11-17,0.09,0.08734,0.09,,22.71
2020-11-18,0.09,0.08734,0.07,,23.84
2020-11-19,0.07,0.08734,0.06,,23.11
2020-11-20,0.07,0.08723,0.05,,23.7
2020-11-23,0.08,0.0864499999999999,0.05,,22.66
2020-11-24,0.09,0.08612,0.07,,21.64
2020-11-25,0.09,0.08612,0.08,,21.25
2020-11-26,,,,,
2020-11-27,0.09,0.08634,0.08,,20.84
2020-11-30,0.08,0.0864499999999999,0.09,,20.57
2020-12-01,0.09,0.0864499999999999,0.08,0.09,20.77
2020-12-02,0.09,0.08634,0.08,,21.17
2020-12-03,0.08,0.08612,0.08,,21.28
2020-12-04,0.09,0.08601,0.09,,20.79
2020-12-07,0.08,0.08601,0.08,,21.3
2020-12-08,0.09,0.0859,0.07,,20.68
2020-12-09,0.08,0.0856799999999998,0.08,,22.27
2020-12-10,0.08,0.0855599999999999,0.08,,22.52
2020-12-11,0.08,0.0854499999999999,0.08,,23.31
2020-12-14,0.09,0.08512,0.08,,24.72
2020-12-15,0.08,0.0849,0.09,,22.89
2020-12-16,0.09,0.08479,0.09,,22.5
2020-12-17,0.08,0.0846799999999998,0.09,,21.93
2020-12-18,0.08,0.0846799999999998,0.09,,21.57
2020-12-21,0.09,0.08479,0.09,,25.16
2020-12-22,0.09,0.08501,0.07,,24.23
2020-12-23,0.09,0.08512,0.06,,23.31
2020-12-24,0.09,0.08501,0.08,,21.53
2020-12-25,,,,,
2020-12-28,0.11,0.08501,0.09,,21.7
2020-12-29,0.1,0.08523,0.1,,23.08
2020-12-30,0.08,0.0854499999999999,0.09,,22.77
2020-12-31,0.09,0.0855599999999999,0.07,,22.75
2021-01-01,,,,0.09,
2021-01-04,0.09,0.0843399999999999,0.1,,26.97
2021-01-05,0.09,0.0843399999999999,0.11,,25.34
2021-01-06,0.09,0.0845599999999999,0.1,,25.07
2021-01-07,0.09,0.08479,0.1,,22.37
2021-01-08,0.08,0.0849,0.09,,21.56
2021-01-11,0.08,0.0849,0.09,,24.08
2021-01-12,0.09,0.0849,0.08,,23.33
2021-01-13,0.09,0.08479,0.08,,22.21
2021-01-14,0.09,0.0845599999999999,0.08,,23.25
2021-01-15,0.09,0.0844499999999999,0.08,,24.34
2021-01-18,,,,,
2021-01-19,0.09,0.08412,0.07,,23.24
2021-01-20,0.08,0.08412,0.06,,21.58
2021-01-21,0.09,0.08401,0.04,,21.32
2021-01-22,0.08,0.0835599999999999,0.05,,21.91
2021-01-25,0.09,0.0824499999999999,0.06,,23.19
2021-01-26,0.07,0.0821199999999999,0.03,,23.02
2021-01-27,0.08,0.0815599999999999,0.03,,37.21
2021-01-28,0.07,0.0809,0.04,,30.21
2021-01-29,0.06,0.0803399999999999,0.06,,33.09
2021-02-01,0.07,0.0791199999999999,0.07,0.08,30.24
2021-02-02,0.07,0.0787899999999999,0.07,,25.56
2021-02-03,0.04,0.07845,0.07,,22.91
2021-02-04,0.04,0.0780099999999999,0.05,,21.77
2021-02-05,0.03,0.07745,0.02,,20.87
2021-02-08,0.05,0.0747799999999999,0.02,,21.24
2021-02-09,0.04,0.0738999999999999,0.05,,21.63
2021-02-10,0.05,0.07334,0.06,,21.99
2021-02-11,0.05,0.07301,0.06,,21.25
2021-02-12,0.04,0.0726699999999999,0.05,,19.97
2021-02-15,,,,,
2021-02-16,0.04,0.0707799999999999,0.06,,21.46
2021-02-17,0.04,0.0706699999999999,0.06,,21.5
2021-02-18,0.03,0.0706699999999999,0.03,,22.49
2021-02-19,0.04,0.0704499999999999,0.02,,22.05
2021-02-22,0.03,0.0694499999999999,0.03,,23.45
2021-02-23,0.04,0.06901,0.01,,23.11
2021-02-24,0.03,0.0682299999999999,0.02,,21.34
2021-02-25,0.04,0.0675599999999999,0.03,,28.89
2021-02-26,0.04,0.06701,0.01,,27.95
2021-03-01,0.05,0.06456,0.02,0.07,23.35
2021-03-02,0.04,0.06389,0.04,,24.1
2021-03-03,0.05,0.06345,0.04,,26.67
2021-03-04,0.04,0.063,0.02,,28.57
2021-03-05,0.04,0.0622299999999999,0.02,,24.66
2021-03-08,0.05,0.0599999999999999,0.02,,25.47
2021-03-09,0.05,0.05945,0.02,,24.03
2021-03-10,0.04,0.0587799999999999,0.02,,22.56
2021-03-11,0.04,0.0581199999999999,0.01,,21.91
2021-03-12,0.04,0.0573399999999998,0.01,,20.69
2021-03-15,0.04,0.055,0.01,,20.03
2021-03-16,0.02,0.0541099999999999,0.01,,19.79
2021-03-17,0.02,0.0532299999999999,0.01,,19.23
2021-03-18,0.01,0.0523399999999999,0.01,,21.58
2021-03-19,0.01,0.05145,0.01,,20.95
2021-03-22,0.03,0.0487799999999999,0.01,,18.88
2021-03-23,0.01,0.04811,0.01,,20.3
2021-03-24,0.02,0.0475599999999999,0.01,,21.2
2021-03-25,0.02,0.04678,0.01,,19.81
2021-03-26,0.02,0.0459999999999999,0.01,,18.86
2021-03-29,0.03,0.04356,0.01,,20.74
2021-03-30,0.02,0.04256,0.01,,19.61
2021-03-31,0.03,0.0416699999999999,0.01,,19.4
2021-04-01,0.02,0.041,0.01,0.07,17.33
2021-04-02,0.02,,,,
2021-04-05,0.03,0.0379999999999999,0.01,,17.91
2021-04-06,0.02,0.0368899999999999,0.01,,18.12
2021-04-07,0.02,0.0358899999999999,0.01,,17.16
2021-04-08,0.01,0.0348899999999999,0.01,,16.95
2021-04-09,0.02,0.034,0.01,,16.69
2021-04-12,0.02,0.0313299999999999,0.01,,16.91
2021-04-13,0.03,0.03056,0.01,,16.65
2021-04-14,0.02,0.02978,0.01,,16.99
2021-04-15,0.02,0.029,0.01,,16.57
2021-04-16,0.02,0.0282199999999999,0.01,,16.25
2021-04-19,0.02,0.0258899999999998,0.01,,17.29
2021-04-20,0.03,0.0252199999999999,0.01,,18.68
2021-04-21,0.03,0.0246699999999999,0.01,,17.5
2021-04-22,0.03,0.02433,0.01,,18.71
2021-04-23,0.03,0.02389,0.01,,17.33
2021-04-26,0.03,0.02245,0.01,,17.64
2021-04-27,0.01,0.02222,0.01,,17.56
2021-04-28,0.01,0.0219999999999999,0.01,,17.28
2021-04-29,0.01,0.0216699999999999,0.01,,17.61
2021-04-30,0.01,0.02111,0.01,,18.61
2021-05-01,,,,0.06,
2021-05-03,0.04,0.01933,0.01,,18.31
2021-05-04,0.02,0.0186699999999999,0.01,,19.48
2021-05-05,0.02,0.0179999999999999,0.01,,19.15
2021-05-06,0.02,0.0175599999999999,0.01,,18.39
2021-05-07,0.02,0.01744,0.01,,16.69
2021-05-10,0.02,0.01711,0.01,,19.66
2021-05-11,0.01,0.0166699999999999,0.01,,21.84
2021-05-12,0.02,0.0161099999999999,0.01,,27.59
2021-05-13,0.02,0.0155599999999999,0.01,,23.13
2021-05-14,0.01,0.01511,0.01,,18.81
2021-05-17,0.02,0.01378,0.01,,19.72
2021-05-18,0.02,0.0132199999999999,0.01,,21.34
2021-05-19,0.01,0.01267,0.01,,22.18
2021-05-20,0.01,0.01244,0.01,,20.67
2021-05-21,0.01,0.0123299999999999,0.01,,20.15
2021-05-24,0.02,0.01189,0.01,,18.4
2021-05-25,0.02,0.01189,0.01,,18.84
2021-05-26,0.02,0.01178,0.01,,17.36
2021-05-27,0.02,0.0115599999999999,0.01,,16.74
2021-05-28,0.01,0.0115599999999999,0.01,,16.76
2021-05-31,,,,,
2021-06-01,0.02,0.01111,0.01,0.08,17.9
2021-06-02,0.02,0.01078,0.01,,17.48
2021-06-03,0.02,0.01067,0.01,,18.04
2021-06-04,0.02,0.01056,0.01,,16.42
2021-06-07,0.02,0.01022,0.01,,16.42
2021-06-08,0.02,0.0101099999999999,0.01,,17.07
2021-06-09,0.03,0.01,0.01,,17.89
2021-06-10,0.03,0.01,0.01,,16.1
2021-06-11,0.03,0.01,0.01,,15.65
2021-06-14,0.03,0.01,0.01,,16.39
2021-06-15,0.03,0.01,0.01,,17.02
2021-06-16,0.04,0.01,0.01,,18.15
2021-06-17,0.04,0.01,0.05,,17.75
2021-06-18,0.05,0.01044,0.05,,20.7
2021-06-21,0.05,0.01178,0.05,,17.89
2021-06-22,0.04,0.01222,0.05,,16.66
2021-06-23,0.05,0.01267,0.05,,16.32
2021-06-24,0.05,0.01311,0.05,,15.97
2021-06-25,0.06,0.0135599999999999,0.05,,15.62
2021-06-28,0.05,0.01489,0.05,,15.76
2021-06-29,0.04,0.01533,0.05,,16.02
2021-06-30,0.05,0.0157799999999999,0.05,,15.83
2021-07-01,0.05,0.0162199999999999,0.05,0.1,15.48
2021-07-02,0.05,0.0166699999999999,0.05,,15.07
2021-07-05,,,,,
2021-07-06,0.05,0.01844,0.05,,16.44
2021-07-07,0.05,0.01889,0.05,,16.2
2021-07-08,0.06,0.01933,0.05,,19.0
2021-07-09,0.06,0.0197799999999999,0.05,,16.18
2021-07-12,0.05,0.02111,0.05,,16.17
2021-07-13,0.05,0.0215599999999999,0.05,,17.12
2021-07-14,0.06,0.0219999999999999,0.05,,16.33
2021-07-15,0.05,0.02245,0.05,,17.01
2021-07-16,0.05,0.02289,0.05,,18.45
2021-07-19,0.05,0.0242199999999999,0.05,,22.5
2021-07-20,0.05,0.0246699999999999,0.05,,19.73
2021-07-21,0.05,0.02511,0.05,,17.91
2021-07-22,0.05,0.0255599999999999,0.05,,17.69
2021-07-23,0.05,0.0259999999999999,0.05,,17.2
2021-07-26,0.05,0.02733,0.05,,17.58
2021-07-27,0.05,0.0277799999999999,0.05,,19.36
2021-07-28,0.05,0.0282199999999999,0.05,,18.31
2021-07-29,0.06,0.0286699999999999,0.05,,17.7
2021-07-30,0.06,0.02911,0.05,,18.24
2021-08-01,,,,0.09,
2021-08-02,0.05,0.03045,0.05,,19.46
2021-08-03,0.05,0.0308899999999999,0.05,,18.04
2021-08-04,0.05,0.0313299999999999,0.05,,17.97
2021-08-05,0.05,0.03178,0.05,,17.28
2021-08-06,0.06,0.0322199999999999,0.05,,16.15
2021-08-09,0.06,0.03356,0.05,,16.72
2021-08-10,0.05,0.034,0.05,,16.79
2021-08-11,0.05,0.03445,0.05,,16.06
2021-08-12,0.06,0.0348899999999999,0.05,,15.59
2021-08-13,0.06,0.03533,0.05,,15.45
2021-08-16,0.06,0.03667,0.05,,16.12
2021-08-17,0.07,0.0371099999999999,0.05,,17.91
2021-08-18,0.07,0.03756,0.05,,21.57
2021-08-19,0.06,0.0379999999999999,0.05,,21.67
2021-08-20,0.05,0.0384499999999999,0.05,,18.56
2021-08-23,0.05,0.03978,0.05,,17.15
2021-08-24,0.05,0.0402199999999999,0.05,,17.22
2021-08-25,0.06,0.0406699999999999,0.05,,16.79
2021-08-26,0.05,0.04111,0.05,,18.84
2021-08-27,0.05,0.04156,0.05,,16.39
2021-08-30,0.05,0.0428899999999999,0.05,,16.19
2021-08-31,0.04,0.0433399999999999,0.05,,16.48
2021-09-01,0.05,0.0437799999999999,0.05,0.08,16.11
2021-09-02,0.05,0.0442199999999998,0.05,,16.41
2021-09-03,0.05,0.04467,0.05,,16.41
2021-09-06,,,,,
2021-09-07,0.05,0.0464499999999999,0.05,,18.14
2021-09-08,0.05,0.04689,0.05,,17.96
2021-09-09,0.04,0.04734,0.05,,18.8
2021-09-10,0.05,0.04778,0.05,,20.95
2021-09-13,0.06,0.04911,0.05,,19.37
2021-09-14,0.04,0.04956,0.05,,19.46
2021-09-15,0.04,0.05,0.05,,18.18
2021-09-16,0.04,0.05,0.05,,18.69
2021-09-17,0.04,0.05,0.05,,20.81
2021-09-20,0.04,0.05,0.05,,25.71
2021-09-21,0.03,0.05,0.05,,24.36
2021-09-22,0.03,0.05,0.05,,20.87
2021-09-23,0.03,0.05,0.05,,18.63
2021-09-24,0.03,0.05,0.05,,17.75
2021-09-27,0.04,0.05,0.05,,18.76
2021-09-28,0.04,0.05,0.05,,23.25
2021-09-29,0.04,0.05,0.05,,22.56
2021-09-30,0.04,0.05,0.05,,23.14
2021-10-01,0.04,0.05,0.05,0.08,21.15
2021-10-04,0.04,0.05,0.05,,22.96
2021-10-05,0.04,0.05,0.05,,21.3
2021-10-06,0.04,0.05,0.05,,21.0
2021-10-07,0.05,0.05,0.05,,19.54
2021-10-08,0.05,0.05,0.05,,18.77
2021-10-11,,,,,20.0
2021-10-12,0.06,0.05,0.05,,19.85
2021-10-13,0.05,0.05,0.05,,18.64
2021-10-14,0.05,0.05,0.05,,16.86
2021-10-15,0.05,0.05,0.05,,16.3
2021-10-18,0.06,0.05,0.05,,16.31
2021-10-19,0.05,0.05,0.03,,15.7
2021-10-20,0.05,0.0497799999999999,0.03,,15.49
2021-10-21,0.06,0.04956,0.03,,15.01
2021-10-22,0.06,0.0493399999999998,0.05,,15.43
2021-10-25,0.06,0.0493399999999998,0.04,,15.24
2021-10-26,0.06,0.04923,0.05,,15.98
2021-10-27,0.06,0.04923,0.05,,16.98
2021-10-28,0.06,0.04923,0.05,,16.53
2021-10-29,0.05,0.04923,0.05,,16.26
2021-11-01,0.05,0.04923,0.05,0.08,16.41
2021-11-02,0.05,0.04923,0.05,,16.03
2021-11-03,0.05,0.04923,0.05,,15.1
2021-11-04,0.04,0.04923,0.05,,15.44
2021-11-05,0.05,0.04923,0.05,,16.48
2021-11-08,0.06,0.04923,0.05,,17.22
2021-11-09,0.04,0.04923,0.05,,17.78
2021-11-10,0.05,0.04923,0.05,,18.73
2021-11-11,,,,,17.66
2021-11-12,0.05,0.04923,0.05,,16.29
2021-11-15,0.05,0.04923,0.05,,16.49
2021-11-16,0.05,0.04923,0.05,,16.37
2021-11-17,0.05,0.04923,0.05,,17.11
2021-11-18,0.05,0.04923,0.05,,17.59
2021-11-19,0.05,0.04923,0.05,,17.91
2021-11-22,0.05,0.04923,0.05,,19.17
2021-11-23,0.06,0.04923,0.05,,19.38
2021-11-24,0.06,0.04923,0.05,,18.58
2021-11-25,,,,,
2021-11-26,0.06,0.04923,0.05,,28.62
2021-11-29,0.06,0.04923,0.05,,22.96
2021-11-30,0.05,0.04923,0.05,,27.19
2021-12-01,0.06,0.04923,0.05,0.08,31.12
2021-12-02,0.05,0.04923,0.05,,27.95
2021-12-03,0.06,0.04923,0.05,,30.67
2021-12-06,0.06,0.04923,0.05,,27.18
2021-12-07,0.06,0.04923,0.05,,21.89
2021-12-08,0.07,0.04923,0.05,,19.9
2021-12-09,0.06,0.04923,0.05,,21.58
2021-12-10,0.06,0.04923,0.05,,18.69
2021-12-13,0.05,0.04923,0.05,,20.31
2021-12-14,0.05,0.04923,0.05,,21.89
2021-12-15,0.06,0.04923,0.05,,19.29
2021-12-16,0.05,0.04923,0.05,,20.57
2021-12-17,0.05,0.04923,0.05,,21.57
2021-12-20,0.07,0.04923,0.04,,22.87
2021-12-21,0.07,0.04911,0.05,,21.01
2021-12-22,0.08,0.04911,0.05,,18.63
2021-12-23,0.08,0.04911,0.05,,17.96
2021-12-24,,,,,
2021-12-27,0.06,0.04911,0.05,,17.68
2021-12-28,0.06,0.04911,0.05,,17.54
2021-12-29,0.05,0.04911,0.05,,16.95
2021-12-30,0.05,0.04911,0.05,,17.33
2021-12-31,0.06,0.04911,0.05,,17.22
2022-01-01,,,,0.08,
2022-01-03,0.09,0.04911,0.05,,16.6
2022-01-04,0.08,0.04911,0.05,,16.91
2022-01-05,0.09,0.04911,0.05,,19.73
2022-01-06,0.1,0.04911,0.05,,19.61
2022-01-07,0.1,0.04911,0.05,,18.76
2022-01-10,0.13,0.04911,0.05,,19.4
2022-01-11,0.12,0.04911,0.05,,18.41
2022-01-12,0.12,0.04911,0.05,,17.62
2022-01-13,0.12,0.04911,0.05,,20.31
2022-01-14,0.13,0.04911,0.05,,19.19
2022-01-17,,,,,
2022-01-18,0.17,0.0493399999999998,0.05,,22.79
2022-01-19,0.17,0.04956,0.05,,23.85
2022-01-20,0.18,0.0497799999999999,0.04,,25.59
2022-01-21,0.17,0.0496699999999999,0.05,,28.85
2022-01-24,0.2,0.0497799999999999,0.04,,29.9
2022-01-25,0.2,0.0496699999999999,0.05,,31.16
2022-01-26,0.19,0.0496699999999999,0.04,,31.96
2022-01-27,0.2,0.04956,0.04,,30.49
2022-01-28,0.19,0.04945,0.05,,27.66
2022-01-31,0.24,0.04945,0.05,,24.83
2022-02-01,0.2,0.04945,0.05,0.08,21.96
2022-02-02,0.2,0.04945,0.05,,22.09
2022-02-03,0.21,0.04945,0.05,,24.35
2022-02-04,0.23,0.04945,0.05,,23.22
2022-02-07,0.28,0.04945,0.05,,22.86
2022-02-08,0.27,0.04945,0.05,,21.44
2022-02-09,0.27,0.04945,0.04,,19.96
2022-02-10,0.41,0.0493399999999998,0.05,,23.91
2022-02-11,0.37,0.0493399999999998,0.05,,27.36
2022-02-14,0.45,0.0493399999999998,0.05,,28.33
2022-02-15,0.41,0.0493399999999998,0.05,,25.7
2022-02-16,0.39,0.0493399999999998,0.05,,24.29
2022-02-17,0.37,0.0493399999999998,0.05,,28.11
2022-02-18,0.35,0.0493399999999998,0.05,,27.75
2022-02-21,,,,,
2022-02-22,0.39,0.0493399999999998,0.05,,28.81
2022-02-23,0.36,0.0493399999999998,0.05,,31.02
2022-02-24,0.33,0.0493399999999998,0.05,,30.32
2022-02-25,0.33,0.0493399999999998,0.05,,27.59
2022-02-28,0.37,0.0493399999999998,0.05,,30.15
2022-03-01,0.32,0.0493399999999998,0.05,0.2,33.32
2022-03-02,0.33,0.0493399999999998,0.05,,30.74
2022-03-03,0.37,0.0493399999999998,0.05,,30.48
2022-03-04,0.33,0.0493399999999998,0.05,,31.98
2022-03-07,0.38,0.0493399999999998,0.05,,36.45
2022-03-08,0.36,0.0493399999999998,0.05,,35.13
2022-03-09,0.38,0.0493399999999998,0.05,,32.45
2022-03-10,0.38,0.0493399999999998,0.05,,30.23
2022-03-11,0.39,0.0493399999999998,0.05,,30.75
2022-03-14,0.45,0.0493399999999998,0.05,,31.77
2022-03-15,0.46,0.0493399999999998,0.05,,29.83
2022-03-16,0.43,0.0493399999999998,0.05,,26.67
2022-03-17,0.4,0.0493399999999998,0.3,,25.67
2022-03-18,0.41,0.0521099999999999,0.3,,23.87
2022-03-21,0.55,0.06056,0.29,,23.53
2022-03-22,0.51,0.0632299999999999,0.28,,22.94
2022-03-23,0.5,0.0657799999999998,0.27,,23.57
2022-03-24,0.5,0.0682299999999999,0.27,,21.67
2022-03-25,0.53,0.0706699999999999,0.28,,20.81
2022-03-28,0.6,0.0783399999999998,0.28,,19.63
2022-03-29,0.56,0.0809,0.28,,18.9
2022-03-30,0.55,0.0834499999999999,0.27,,19.33
2022-03-31,0.51,0.0859,0.29,,20.56
2022-04-01,0.52,0.08856,0.3,0.33,19.63
2022-04-04,0.67,0.0969,0.3,,18.57
2022-04-05,0.65,0.0996799999999998,0.3,,21.03
2022-04-06,0.67,0.1024599999999999,0.3,,22.1
2022-04-07,0.68,0.10524,0.3,,21.55
2022-04-08,0.69,0.1080099999999999,0.3,,21.16
2022-04-11,0.78,0.1163499999999999,0.3,,24.37
2022-04-12,0.74,0.11913,0.29,,24.26
2022-04-13,0.75,0.1218,0.29,,21.82
2022-04-14,0.78,0.1244599999999999,0.29,,22.7
2022-04-15,,,,,
2022-04-18,0.82,0.13513,0.29,,22.17
2022-04-19,0.82,0.1378,0.28,,21.37
2022-04-20,0.82,0.1403599999999999,0.27,,20.32
2022-04-21,0.82,0.1429099999999998,0.26,,22.68
2022-04-22,0.82,0.1452499999999999,0.27,,28.21
2022-04-25,0.93,0.1526899999999999,0.27,,27.02
2022-04-26,0.84,0.15514,0.27,,33.52
2022-04-27,0.82,0.1577,0.28,,31.6
2022-04-28,0.81,0.16036,0.28,,29.99
2022-04-29,0.83,0.16292,0.28,,33.4
2022-05-01,,,,0.77,
2022-05-02,0.9,0.1705899999999999,0.3,,32.34
2022-05-03,0.9,0.1733699999999999,0.3,,29.25
2022-05-04,0.88,0.17615,0.3,,25.42
2022-05-05,0.84,0.17893,0.79,,31.2
2022-05-06,0.84,0.18715,0.78,,30.19
2022-05-09,0.92,0.2114999999999999,0.78,,34.75
2022-05-10,0.89,0.21961,0.78,,32.99
2022-05-11,0.9,0.2278399999999999,0.78,,32.56
2022-05-12,0.95,0.23596,0.79,,31.77
2022-05-13,1.01,0.24418,0.79,,28.87
2022-05-16,1.07,0.2688599999999999,0.8,,27.47
2022-05-17,1.06,0.2772,0.8,,26.1
2022-05-18,1.02,0.28554,0.79,,30.96
2022-05-19,1.04,0.2937699999999999,0.79,,29.35
2022-05-20,1.01,0.3019999999999999,0.78,,29.43
2022-05-23,1.07,0.3263499999999999,0.78,,28.48
2022-05-24,1.05,0.3344699999999999,0.78,,29.45
2022-05-25,1.05,0.34259,0.78,,28.37
2022-05-26,1.06,0.3507,0.78,,27.5
2022-05-27,1.06,0.3588199999999999,0.78,,25.72
2022-05-30,,,,,26.54
2022-05-31,1.13,0.3912999999999999,0.79,,26.19
2022-06-01,1.12,0.3995299999999999,0.8,1.21,25.69
2022-06-02,1.13,0.4078699999999998,0.79,,24.72
2022-06-03,1.17,0.4161,0.78,,24.79
2022-06-06,1.23,0.44046,0.78,,25.07
2022-06-07,1.24,0.4485799999999999,0.77,,24.02
2022-06-08,1.25,0.4565899999999998,0.76,,23.96
2022-06-09,1.26,0.46448,0.75,,26.09
2022-06-10,1.34,0.4722699999999999,0.75,,27.75
2022-06-13,1.69,0.49563,0.73,,34.02
2022-06-14,1.78,0.5031999999999999,0.69,,32.69
2022-06-15,1.69,0.5103199999999999,0.7,,29.62
2022-06-16,1.54,0.51477,1.45,,32.95
2022-06-17,1.58,0.52756,1.45,,31.13
2022-06-20,,,,,31.03
2022-06-21,1.66,0.5790699999999999,1.45,,30.19
2022-06-22,1.57,0.5922,1.45,,28.95
2022-06-23,1.59,0.60533,1.44,,29.05
2022-06-24,1.66,0.61824,1.46,,27.23
2022-06-27,1.75,0.65763,1.5,,26.95
2022-06-28,1.75,0.67121,1.52,,28.36
2022-06-29,1.73,0.68512,1.51,,28.16
2022-06-30,1.66,0.6986999999999999,1.5,,28.71
2022-07-01,1.66,0.71206,1.52,1.68,26.7
2022-07-04,,,,,27.53
2022-07-05,1.86,0.7663699999999999,1.54,,27.54
2022-07-06,1.85,0.7801799999999999,1.54,,26.73
2022-07-07,1.89,0.79398,1.54,,26.08
2022-07-08,1.91,0.80779,1.53,,24.64
2022-07-11,2.13,0.8488700000000001,1.53,,26.17
2022-07-12,2.16,0.8626799999999998,1.54,,27.29
2022-07-13,2.33,0.8766,1.53,,26.82
2022-07-14,2.33,0.8903999999999999,1.53,,26.4
2022-07-15,2.29,0.90421,1.54,,24.23
2022-07-18,2.44,0.94597,1.54,,25.3
2022-07-19,2.46,0.96,1.54,,24.5
2022-07-20,2.44,0.97415,1.53,,23.88
2022-07-21,2.4,0.9883,1.53,,23.11
2022-07-22,2.41,1.00233,1.52,,23.03
2022-07-25,2.55,1.0441,1.53,,23.36
2022-07-26,2.48,1.05814,1.53,,24.69
2022-07-27,2.37,1.07206,1.53,,23.24
2022-07-28,2.35,1.08599,2.28,,22.33
2022-07-29,2.34,1.10827,2.27,,21.33
2022-08-01,2.48,1.17456,2.28,2.33,22.84
2022-08-02,2.48,1.19663,2.3,,23.93
2022-08-03,2.44,1.21892,2.29,,21.95
2022-08-04,2.41,1.23563,2.29,,21.44
2022-08-05,2.48,1.25246,2.28,,21.15
2022-08-08,2.57,1.30262,2.28,,21.29
2022-08-09,2.58,1.31934,2.29,,21.77
2022-08-10,2.56,1.33617,2.28,,19.74
2022-08-11,2.52,1.35278,2.28,,20.2
2022-08-12,2.53,1.36939,2.28,,19.53
2022-08-15,2.63,1.41911,2.29,,19.95
2022-08-16,2.61,1.43573,2.29,,19.69
2022-08-17,2.59,1.45245,2.29,,19.9
2022-08-18,2.61,1.46918,2.28,,19.56
2022-08-19,2.64,1.48591,2.28,,20.6
2022-08-22,2.74,1.53609,2.28,,23.8
2022-08-23,2.71,1.55282,2.27,,24.11
2022-08-24,2.73,1.56944,2.27,,22.82
2022-08-25,2.78,1.58606,2.28,,21.78
2022-08-26,2.78,1.60279,2.28,,25.56
2022-08-29,2.89,1.65299,2.28,,26.21
2022-08-30,2.88,1.6696099999999998,2.29,,26.21
2022-08-31,2.87,1.68624,2.29,,25.87
2022-09-01,2.88,1.70297,2.29,2.56,25.56
2022-09-02,2.85,1.71982,2.29,,25.47
2022-09-05,,,,,25.99
2022-09-06,2.96,1.78733,2.29,,26.91
2022-09-07,2.98,1.8044,2.28,,24.64
2022-09-08,2.97,1.82148,2.28,,23.61
2022-09-09,2.98,1.83856,2.28,,22.79
2022-09-12,3.09,1.8900099999999995,2.28,,23.87
2022-09-13,3.19,1.90776,2.28,,27.27
2022-09-14,3.14,1.9254,2.27,,26.16
2022-09-15,3.12,1.93455,2.28,,26.27
2022-09-16,3.1,1.94382,2.27,,26.3
2022-09-19,3.29,1.97129,2.27,,25.76
2022-09-20,3.26,1.98044,2.26,,27.16
2022-09-21,3.21,1.98949,2.25,,27.99
2022-09-22,3.19,1.99853,2.99,,27.35
2022-09-23,3.12,2.01562,2.99,,29.92
2022-09-26,3.3,2.06642,2.99,,32.26
2022-09-27,3.26,2.08283,2.98,,32.6
2022-09-28,3.29,2.09925,2.98,,30.18
2022-09-29,3.26,2.11578,2.96,,31.84
2022-09-30,3.22,2.13187,2.98,,31.62
2022-10-01,,,,3.08,
2022-10-03,3.34,2.18079,3.0,,30.1
2022-10-04,3.32,2.1971,3.04,,29.07
2022-10-05,3.33,2.21386,3.04,,28.55
2022-10-06,3.32,2.23061,3.05,,30.52
2022-10-07,3.31,2.2476,3.05,,31.36
2022-10-10,,,,,32.45
2022-10-11,3.53,2.31541,3.05,,33.63
2022-10-12,3.56,2.33239,3.04,,33.57
2022-10-13,3.64,2.34927,3.04,,31.94
2022-10-14,3.65,2.36603,3.04,,32.02
2022-10-17,3.82,2.41632,3.05,,31.37
2022-10-18,3.89,2.4332,3.04,,30.5
2022-10-19,3.91,2.45008,3.04,,30.76
2022-10-20,3.91,2.46696,3.03,,29.98
2022-10-21,3.9,2.48384,3.02,,29.69
2022-10-24,4.0,2.53403,3.01,,29.85
2022-10-25,3.97,2.55058,3.02,,28.46
2022-10-26,3.94,2.56724,3.03,,27.28
2022-10-27,3.95,2.57563,3.04,,27.39
2022-10-28,3.99,2.5842400000000003,3.05,,25.75
2022-10-31,4.06,2.61029,3.05,,25.88
2022-11-01,4.06,2.61867,3.05,3.78,25.81
2022-11-02,4.04,2.62717,3.05,,25.86
2022-11-03,4.06,2.63567,3.8,,25.3
2022-11-04,4.02,2.65267,3.8,,24.55
2022-11-07,4.12,2.7036599999999997,3.78,,24.35
2022-11-08,4.1,2.72033,3.78,,25.54
2022-11-09,4.11,2.73711,3.78,,26.09
2022-11-10,4.09,2.75389,3.78,,23.53
2022-11-11,,,,,22.52
2022-11-14,4.16,2.82088,3.79,,23.73
2022-11-15,4.14,2.83766,3.8,,24.54
2022-11-16,4.14,2.85456,3.81,,24.11
2022-11-17,4.13,2.87168,3.8,,23.93
2022-11-18,4.15,2.88869,3.8,,23.12
2022-11-21,4.23,2.93971,3.8,,22.36
2022-11-22,4.21,2.95684,3.8,,21.29
2022-11-23,4.21,2.97396,3.79,,20.35
2022-11-24,,,,,20.42
2022-11-25,4.22,3.00776,3.8,,20.5
2022-11-28,4.3,3.0588,3.8,,22.21
2022-11-29,4.27,3.0757,3.81,,21.89
2022-11-30,4.27,3.09272,3.82,,20.58
2022-12-01,4.22,3.10985,3.82,4.1,19.84
2022-12-02,4.22,3.12699,3.81,,19.06
2022-12-05,4.27,3.17804,3.81,,20.75
2022-12-06,4.27,3.19506,3.8,,22.17
2022-12-07,4.2,3.21208,3.8,,22.68
2022-12-08,4.17,3.22911,3.8,,22.29
2022-12-09,4.19,3.24614,3.8,,22.83
2022-12-12,4.29,3.2972,3.8,,25.0
2022-12-13,4.26,3.31423,3.8,,22.55
2022-12-14,4.23,3.3313699999999997,3.8,,21.14
2022-12-15,4.22,3.3484,4.32,,22.83
2022-12-16,4.2,3.37137,4.32,,22.62
2022-12-19,4.28,3.44026,4.3,,22.42
2022-12-20,4.25,3.4631199999999995,4.3,,21.48
2022-12-21,4.22,3.4860900000000004,4.3,,20.07
2022-12-22,4.24,3.5007699999999997,4.3,,21.97
2022-12-23,4.23,3.51546,4.3,,20.87
2022-12-26,,,,,
2022-12-27,4.35,3.57427,4.3,,21.65
2022-12-28,4.35,3.5890699999999995,4.3,,22.14
2022-12-29,4.34,3.60409,4.3,,21.44
2022-12-30,4.3,3.61889,4.3,,21.67
2023-01-01,,,,4.33,
2023-01-02,,,,,
2023-01-03,4.4,3.67716,4.31,,22.9
2023-01-04,4.41,3.6914,4.3,,22.01
2023-01-05,4.51,3.70542,4.31,,22.46
2023-01-06,4.51,3.71955,4.31,,21.13
2023-01-09,4.55,3.76193,4.31,,21.97
2023-01-10,4.57,3.77606,4.31,,20.58
2023-01-11,4.57,3.79031,4.3,,21.09
2023-01-12,4.5,3.80444,4.3,,18.83
2023-01-13,4.51,3.81858,4.3,,18.35
2023-01-16,,,,,19.49
2023-01-17,4.56,3.87497,4.31,,19.36
2023-01-18,4.54,3.88921,4.3,,20.34
2023-01-19,4.55,3.90346,4.31,,20.52
2023-01-20,4.57,3.91794,4.3,,19.85
2023-01-23,4.58,3.96112,4.3,,19.81
2023-01-24,4.57,3.97548,4.3,,19.2
2023-01-25,4.56,3.98973,4.31,,19.08
2023-01-26,4.55,4.00398,4.3,,18.73
2023-01-27,4.57,4.018009999999999,4.3,,18.51
2023-01-30,4.59,4.06008,4.3,,19.94
2023-01-31,4.58,4.07411,4.31,,19.4
2023-02-01,4.54,4.08825,4.31,4.57,17.87
2023-02-02,4.53,4.09398,4.56,,18.73
2023-02-03,4.57,4.10251,4.55,,18.33
2023-02-06,4.59,4.12798,4.55,,19.43
2023-02-07,4.59,4.13662,4.55,,18.66
2023-02-08,4.59,4.1452599999999995,4.55,,19.63
2023-02-09,4.64,4.153919999999999,4.55,,20.71
2023-02-10,4.66,4.16257,4.55,,20.53
2023-02-13,4.68,4.18838,4.55,,20.34
2023-02-14,4.67,4.1968,4.55,,18.91
2023-02-15,4.66,4.2051,4.55,,18.23
2023-02-16,4.7,4.21352,4.55,,20.17
2023-02-17,4.7,4.22195,4.55,,20.02
2023-02-20,,,,,21.23
2023-02-21,4.72,4.2556,4.55,,22.87
2023-02-22,4.71,4.26414,4.55,,22.29
2023-02-23,4.71,4.27267,4.55,,21.14
2023-02-24,4.72,4.2811,4.55,,21.67
2023-02-27,4.74,4.30636,4.55,,20.95
2023-02-28,4.72,4.31466,4.55,,20.7
2023-03-01,4.73,4.3228599999999995,4.55,4.65,20.58
2023-03-02,4.74,4.33106,4.55,,19.59
2023-03-03,4.74,4.33938,4.55,,18.49
2023-03-06,4.76,4.3643,4.55,,18.61
2023-03-07,4.87,4.372719999999999,4.55,,19.59
2023-03-08,4.89,4.38114,4.55,,19.11
2023-03-09,4.87,4.38957,4.55,,22.61
2023-03-10,4.83,4.398,4.55,,24.8
2023-03-13,4.7,4.42326,4.55,,26.52
2023-03-14,4.71,4.43168,4.55,,23.73
2023-03-15,4.59,4.44011,4.58,,26.14
2023-03-16,4.57,4.44303,4.57,,22.99
2023-03-17,4.36,4.44585,4.55,,25.51
2023-03-20,4.65,4.45381,4.55,,24.15
2023-03-21,4.62,4.45662,4.55,,21.38
2023-03-22,4.63,4.45943,4.55,,22.26
2023-03-23,4.57,4.46224,4.8,,22.61
2023-03-24,4.57,4.46787,4.8,,21.74
2023-03-27,4.75,4.484719999999999,4.81,,20.6
2023-03-28,4.64,4.49045,4.84,,19.97
2023-03-29,4.64,4.49651,4.83,,19.12
2023-03-30,4.8,4.50247,4.82,,19.02
2023-03-31,4.68,4.50833,4.87,,18.7
2023-04-01,,,,4.83,
2023-04-03,4.77,4.52753,4.84,,18.55
2023-04-04,4.74,4.53349,4.83,,19.0
2023-04-05,4.72,4.53944,4.81,,19.08
2023-04-06,4.77,4.545059999999999,4.81,,18.4
2023-04-07,4.81,,,,
2023-04-10,4.94,4.5675099999999995,4.81,,18.97
2023-04-11,4.89,4.57313,4.8,,19.1
2023-04-12,4.87,4.57874,4.8,,19.09
2023-04-13,4.95,4.58436,4.8,,17.8
2023-04-14,4.98,4.59,4.8,,17.07
2023-04-17,5.06,4.60685,4.8,,16.95
2023-04-18,5.04,4.61236,4.8,,16.83
2023-04-19,5.01,4.61798,4.8,,16.46
2023-04-20,4.97,4.623480000000001,4.8,,17.17
2023-04-21,4.98,4.62911,4.8,,16.77
2023-04-24,5.04,4.64596,4.8,,16.89
2023-04-25,4.97,4.65158,4.8,,18.76
2023-04-26,5.0,4.6570800000000006,4.8,,18.84
2023-04-27,5.03,4.6627,4.81,,17.03
2023-04-28,4.95,4.66845,4.81,,15.78
2023-05-01,5.1,4.685630000000001,4.81,5.06,16.08
2023-05-02,5.08,4.69125,4.81,,17.78
2023-05-03,5.09,4.69687,4.81,,18.34
2023-05-04,5.1,4.69968,5.06,,20.09
2023-05-05,5.1,4.705419999999999,5.06,,17.19
2023-05-08,5.15,4.7226,5.06,,16.98
2023-05-09,5.13,4.72834,5.06,,17.71
2023-05-10,5.08,4.73407,5.06,,16.94
2023-05-11,5.04,4.7398,5.05,,16.93
2023-05-12,5.08,4.745430000000001,5.05,,17.03
2023-05-15,5.06,4.7622800000000005,5.06,,17.12
2023-05-16,5.07,4.768009999999999,5.05,,17.99
2023-05-17,5.1,4.773630000000001,5.05,,16.87
2023-05-18,5.14,4.77926,5.05,,16.05
2023-05-19,5.12,4.7849,5.05,,16.81
2023-05-22,5.24,4.80176,5.05,,17.21
2023-05-23,5.18,4.80738,5.05,,18.53
2023-05-24,5.21,4.813,5.05,,20.03
2023-05-25,5.21,4.81862,5.06,,19.14
2023-05-26,5.16,4.82437,5.06,,17.95
2023-05-29,,,,,17.46
2023-05-30,5.28,4.8472599999999995,5.06,,17.46
2023-05-31,5.26,4.853,5.08,,17.94
2023-06-01,5.24,4.85896,5.08,5.08,15.65
2023-06-02,5.23,4.86493,5.07,,14.6
2023-06-05,5.2,4.88246,5.06,,14.73
2023-06-06,5.18,4.88819,5.05,,13.96
2023-06-07,5.16,4.89381,5.05,,13.94
2023-06-08,5.12,4.89944,5.05,,13.65
2023-06-09,5.11,4.905069999999999,5.05,,13.83
2023-06-12,5.14,4.92192,5.05,,15.01
2023-06-13,5.11,4.92755,5.05,,14.61
2023-06-14,5.1,4.93283,5.05,,13.88
2023-06-15,5.07,4.93823,5.06,,14.5
2023-06-16,5.09,4.943980000000001,5.05,,13.54
2023-06-19,,,,,14.19
2023-06-20,5.14,4.96643,5.05,,13.88
2023-06-21,5.15,4.97206,5.05,,13.2
2023-06-22,5.15,4.97487,5.05,,12.91
2023-06-23,5.15,4.97769,5.05,,13.44
2023-06-26,5.24,4.986,5.05,,14.25
2023-06-27,5.19,4.98836,5.05,,13.74
2023-06-28,5.18,4.99084,5.06,,13.43
2023-06-29,5.2,4.99354,5.06,,13.54
2023-06-30,5.17,4.99569,5.09,,13.59
2023-07-01,,,,5.12,
2023-07-03,5.21,5.003430000000001,5.06,,13.57
2023-07-04,,,,,13.7
2023-07-05,5.21,5.008830000000001,5.06,,14.18
2023-07-06,5.23,5.01166,5.06,,15.44
2023-07-07,5.22,5.01449,5.06,,14.83
2023-07-10,5.25,5.0229099999999995,5.06,,15.07
2023-07-11,5.25,5.02583,5.06,,14.84
2023-07-12,5.24,5.02876,5.05,,13.54
2023-07-13,5.24,5.031569999999999,5.06,,13.61
2023-07-14,5.25,5.03451,5.05,,13.34
2023-07-17,5.26,5.04293,5.06,,13.48
2023-07-18,5.25,5.04585,5.06,,13.3
2023-07-19,5.26,5.048780000000001,5.05,,13.76
2023-07-20,5.26,5.05159,5.06,,13.99
2023-07-21,5.27,5.054530000000001,5.05,,13.6
2023-07-24,5.28,5.06295,5.05,,13.91
2023-07-25,5.28,5.06576,5.06,,13.86
2023-07-26,5.28,5.06869,5.06,,13.19
2023-07-27,5.28,5.0715,5.31,,14.41
2023-07-28,5.28,5.07714,5.3,,13.33
2023-07-31,5.28,5.09366,5.31,,13.63
2023-08-01,5.27,5.09929,5.31,5.33,13.93
2023-08-02,5.27,5.10491,5.3,,16.09
2023-08-03,5.27,5.10761,5.3,,15.92
2023-08-04,5.28,5.11033,5.3,,17.1
2023-08-07,5.29,5.11841,5.3,,15.77
2023-08-08,5.3,5.12111,5.3,,15.99
2023-08-09,5.28,5.12381,5.3,,15.96
2023-08-10,5.28,5.12662,5.3,,15.85
2023-08-11,5.28,5.12945,5.3,,14.84
2023-08-14,5.29,5.13776,5.3,,14.82
2023-08-15,5.29,5.140569999999999,5.3,,16.46
2023-08-16,5.29,5.14339,5.3,,16.78
2023-08-17,5.29,5.1462,5.3,,17.89
2023-08-18,5.28,5.149030000000001,5.3,,17.3
2023-08-21,5.3,5.15745,5.3,,17.13
2023-08-22,5.3,5.16026,5.3,,16.97
2023-08-23,5.3,5.16308,5.3,,15.98
2023-08-24,5.31,5.165780000000001,5.3,,17.2
2023-08-25,5.34,5.1685,5.3,,15.68
2023-08-28,5.34,5.1766,5.3,,15.08
2023-08-29,5.33,5.1793,5.3,,14.45
2023-08-30,5.32,5.181780000000001,5.3,,13.88
2023-08-31,5.32,5.18426,5.31,,13.57
2023-09-01,5.3,5.18697,5.31,5.33,13.09
2023-09-04,,,,,13.82
2023-09-05,5.32,5.1980699999999995,5.31,,14.01
2023-09-06,5.31,5.20099,5.3,,14.45
2023-09-07,5.3,5.20381,5.31,,14.4
2023-09-08,5.31,5.20675,5.3,,13.84
2023-09-11,5.32,5.21517,5.3,,13.8
2023-09-12,5.32,5.21799,5.3,,14.23
2023-09-13,5.31,5.2208,5.3,,13.48
2023-09-14,5.31,5.2235,5.3,,12.82
2023-09-15,5.32,5.22634,5.31,,13.79
2023-09-18,5.31,5.23511,5.31,,14.0
2023-09-19,5.31,5.23804,5.31,,14.11
2023-09-20,5.33,5.24097,5.3,,15.14
2023-09-21,5.33,5.24378,5.3,,17.54
2023-09-22,5.32,5.24661,5.3,,17.2
2023-09-25,5.35,5.2550300000000005,5.31,,16.9
2023-09-26,5.34,5.25796,5.31,,18.94
2023-09-27,5.34,5.26077,5.32,,18.22
2023-09-28,5.32,5.2637,5.31,,17.34
2023-09-29,5.32,5.26619,5.31,,17.52
2023-10-01,,,,5.33,
2023-10-02,5.35,5.27395,5.32,,17.61
2023-10-03,5.35,5.27688,5.33,,19.78
2023-10-04,5.34,5.27991,5.32,,18.58
2023-10-05,5.34,5.28284,5.32,,18.49
2023-10-06,5.36,5.28578,5.31,,17.45
2023-10-09,,,,,17.7
2023-10-10,5.34,5.297,5.31,,17.03
2023-10-11,5.34,5.299919999999999,5.31,,16.09
2023-10-12,5.35,5.30274,5.31,,16.69
2023-10-13,5.35,5.305680000000001,5.31,,19.32
2023-10-16,5.34,5.31433,5.31,,17.21
2023-10-17,5.35,5.31714,5.31,,17.88
2023-10-18,5.34,5.320069999999999,5.3,,19.22
2023-10-19,5.33,5.322769999999999,5.3,,21.4
2023-10-20,5.31,5.3256,5.3,,21.71
2023-10-23,5.32,5.33403,5.3,,20.37
2023-10-24,5.31,5.33673,5.3,,18.97
2023-10-25,5.32,5.33943,5.3,,20.19
2023-10-26,5.32,5.33932,5.31,,20.68
2023-10-27,5.32,5.33945,5.31,,21.27
2023-10-30,5.33,5.33966,5.31,,19.75
2023-10-31,5.33,5.33966,5.35,,18.14
2023-11-01,5.31,5.3402199999999995,5.32,5.33,16.87
2023-11-02,5.28,5.34044,5.33,,15.66
2023-11-03,5.27,5.3408,5.32,,14.91
2023-11-06,5.29,5.34146,5.32,,14.89
2023-11-07,5.28,5.34168,5.32,,14.81
2023-11-08,5.28,5.3419099999999995,5.32,,14.45
2023-11-09,5.27,5.34213,5.32,,15.29
2023-11-10,5.26,5.34237,5.32,,14.17
2023-11-13,5.28,5.343030000000001,5.32,,14.76
2023-11-14,5.26,5.34326,5.32,,14.16
2023-11-15,5.26,5.34348,5.32,,14.18
2023-11-16,5.25,5.34371,5.32,,14.32
2023-11-17,5.25,5.34395,5.32,,13.8
2023-11-20,5.27,5.344609999999999,5.31,,13.41
2023-11-21,5.26,5.34472,5.31,,13.35
2023-11-22,5.27,5.34483,5.31,,12.85
2023-11-23,,,,,12.8
2023-11-24,5.28,5.34507,5.32,,12.46
2023-11-27,5.28,5.34572,5.32,,12.69
2023-11-28,5.27,5.34595,5.32,,12.69
2023-11-29,5.25,5.34618,5.31,,12.98
2023-11-30,5.25,5.34618,5.33,,12.92
2023-12-01,5.23,5.346430000000001,5.39,5.33,12.63
2023-12-04,5.26,5.349130000000001,5.37,,13.08
2023-12-05,5.25,5.3498,5.33,,12.85
2023-12-06,5.25,5.350140000000001,5.32,,12.97
2023-12-07,5.24,5.35025,5.32,,13.06
2023-12-08,5.24,5.3505,5.32,,12.35
2023-12-11,5.26,5.35115,5.32,,12.63
2023-12-12,5.26,5.351380000000001,5.31,,12.07
2023-12-13,5.24,5.35149,5.31,,12.19
2023-12-14,5.23,5.3516,5.31,,12.48
2023-12-15,5.24,5.35162,5.32,,12.28
2023-12-18,5.26,5.35194,5.32,,12.56
2023-12-19,5.23,5.35205,5.31,,12.53
2023-12-20,5.24,5.35217,5.31,,13.67
2023-12-21,5.22,5.35228,5.31,,13.65
2023-12-22,5.24,5.35241,5.32,,13.03
2023-12-25,,,,,
2023-12-26,5.25,5.35304,5.35,,12.99
2023-12-27,5.24,5.35338,5.39,,12.43
2023-12-28,5.25,5.35428,5.4,,12.47
2023-12-29,5.2,5.35531,5.38,,12.45
2024-01-01,,,,5.33,
2024-01-02,5.22,5.35808,5.4,,13.2
2024-01-03,5.24,5.35898,5.39,,14.04
2024-01-04,5.24,5.35977,5.32,,14.13
2024-01-05,5.24,5.35991,5.31,,13.35
2024-01-08,5.25,5.35991,5.31,,13.08
2024-01-09,5.24,5.35991,5.31,,12.76
2024-01-10,5.23,5.35991,5.31,,12.69
2024-01-11,5.23,5.35991,5.31,,12.44
2024-01-12,5.22,5.35993,5.31,,12.7
2024-01-15,,,,,13.25
2024-01-16,5.22,5.35988,5.32,,13.84
2024-01-17,5.24,5.36011,5.32,,14.79
2024-01-18,5.22,5.36033,5.31,,14.13
2024-01-19,5.22,5.36046,5.31,,13.3
2024-01-22,5.22,5.36078,5.31,,13.19
2024-01-23,5.21,5.36089,5.31,,12.55
2024-01-24,5.21,5.36101,5.31,,13.14
2024-01-25,5.21,5.36101,5.32,,13.45
2024-01-26,5.21,5.36114,5.32,,13.26
2024-01-29,5.22,5.36146,5.31,,13.6
2024-01-30,5.21,5.36101,5.31,,13.31
2024-01-31,5.22,5.36089,5.32,,14.35
2024-02-01,5.22,5.36078,5.32,5.33,13.88
2024-02-02,5.23,5.3608,5.32,,13.85
2024-02-05,5.22,5.36078,5.31,,13.67
2024-02-06,5.23,5.36067,5.31,,13.06
2024-02-07,5.23,5.3605599999999995,5.31,,12.83
2024-02-08,5.23,5.3604400000000005,5.31,,12.79
2024-02-09,5.24,5.36035,5.31,,12.93
2024-02-12,5.23,5.35999,5.31,,13.93
2024-02-13,5.25,5.35988,5.31,,15.85
2024-02-14,5.23,5.35977,5.3,,14.38
2024-02-15,5.23,5.35954,5.31,,14.01
2024-02-16,5.24,5.35945,5.3,,14.24
2024-02-19,,,,,14.71
2024-02-20,5.24,5.35873,5.3,,15.42
2024-02-21,5.24,5.358630000000001,5.3,,15.34
2024-02-22,5.25,5.35851,5.3,,14.54
2024-02-23,5.26,5.3583099999999995,5.31,,13.75
2024-02-26,5.26,5.35795,5.31,,13.74
2024-02-27,5.25,5.35784,5.31,,13.43
2024-02-28,5.24,5.35784,5.31,,13.84
2024-02-29,5.25,5.35761,5.32,,13.4
2024-03-01,5.23,5.35684,5.31,5.33,13.11
2024-03-04,5.24,5.35435,5.31,,13.49
2024-03-05,5.23,5.35412,5.31,,14.46
2024-03-06,5.24,5.35401,5.31,,14.5
2024-03-07,5.24,5.3539,5.31,,14.44
2024-03-08,5.24,5.3538,5.31,,14.74
2024-03-11,5.24,5.35345,5.31,,15.22
2024-03-12,5.25,5.35345,5.31,,13.84
2024-03-13,5.25,5.35345,5.31,,13.75
2024-03-14,5.25,5.35345,5.31,,14.4
2024-03-15,5.25,5.35335,5.31,,14.41
2024-03-18,5.25,5.353,5.31,,14.33
2024-03-19,5.24,5.353,5.31,,13.82
2024-03-20,5.24,5.353,5.31,,13.04
2024-03-21,5.25,5.353,5.31,,12.92
2024-03-22,5.24,5.35291,5.31,,13.06
2024-03-25,5.23,5.35257,5.31,,13.19
2024-03-26,5.22,5.352119999999999,5.32,,13.24
2024-03-27,5.22,5.35134,5.33,,12.78
2024-03-28,5.23,5.35055,5.34,,13.01
2024-03-29,,,,,
2024-04-01,5.23,5.34875,5.35,5.33,13.65
2024-04-02,5.22,5.34818,5.34,,14.61
2024-04-03,5.22,5.34762,5.32,,14.33
2024-04-04,5.21,5.34762,5.32,,16.35
2024-04-05,5.23,5.34775,5.32,,16.03
2024-04-08,5.23,5.34807,5.31,,15.19
2024-04-09,5.23,5.34807,5.31,,14.98
2024-04-10,5.25,5.34807,5.31,,15.8
2024-04-11,5.25,5.34807,5.31,,14.91
2024-04-12,5.25,5.3481,5.31,,17.31
2024-04-15,5.25,5.3481,5.32,,19.23
2024-04-16,5.25,5.3481,5.31,,18.4
2024-04-17,5.25,5.347980000000001,5.31,,18.21
2024-04-18,5.25,5.347980000000001,5.3,,18.0
2024-04-19,5.25,5.34789,5.31,,18.71
2024-04-22,5.22,5.3478699999999995,5.31,,16.94
2024-04-23,5.25,5.3478699999999995,5.31,,15.69
2024-04-24,5.26,5.3478699999999995,5.31,,15.97
2024-04-25,5.26,5.34776,5.31,,15.37
2024-04-26,5.25,5.347659999999999,5.32,,15.03
2024-04-29,5.25,5.34776,5.32,,14.67
2024-04-30,5.25,5.3478699999999995,5.34,,15.65
2024-05-01,5.26,5.3481,5.32,5.33,15.39
2024-05-02,5.25,5.3481,5.31,,14.68
2024-05-03,5.25,5.348,5.31,,13.49
2024-05-06,5.25,5.34776,5.31,,13.49
2024-05-07,5.25,5.34776,5.31,,13.23
2024-05-08,5.25,5.34776,5.31,,13.0
2024-05-09,5.25,5.34776,5.31,,12.69
2024-05-10,5.26,5.34778,5.31,,12.55
2024-05-13,5.25,5.34776,5.31,,13.6
2024-05-14,5.24,5.34776,5.31,,13.42
2024-05-15,5.25,5.3478699999999995,5.31,,12.45
2024-05-16,5.25,5.3478699999999995,5.31,,12.42
2024-05-17,5.25,5.3480099999999995,5.31,,11.99
2024-05-20,5.25,5.34835,5.31,,12.15
2024-05-21,5.25,5.34846,5.31,,11.86
2024-05-22,5.25,5.34857,5.31,,12.29
2024-05-23,5.26,5.34869,5.31,,12.77
2024-05-24,5.26,5.3487,5.32,,11.93
2024-05-27,,,,,12.36
2024-05-28,5.26,5.34911,5.32,,12.92
2024-05-29,5.26,5.34922,5.33,,14.28
2024-05-30,5.26,5.34934,5.33,,14.47
2024-05-31,5.25,5.34958,5.34,,12.92
2024-06-01,,,,5.33,
2024-06-03,5.26,5.350569999999999,5.35,,13.11
2024-06-04,5.25,5.35102,5.33,,13.16
2024-06-05,5.25,5.35125,5.33,,12.63
2024-06-06,5.25,5.35147,5.33,,12.58
2024-06-07,5.26,5.351719999999999,5.33,,12.22
2024-06-10,5.25,5.35237,5.32,,12.74
2024-06-11,5.25,5.35249,5.32,,12.85
2024-06-12,5.25,5.3526,5.31,,12.04
2024-06-13,5.25,5.3526,5.31,,11.94
2024-06-14,5.25,5.35262,5.31,,12.66
2024-06-17,5.25,5.3526,5.33,,12.75
2024-06-18,5.24,5.3528199999999995,5.33,,12.3
2024-06-19,,,,,12.48
2024-06-20,5.24,5.353269999999999,5.32,,13.28
2024-06-21,5.23,5.3534,5.31,,13.2
2024-06-24,5.24,5.35338,5.31,,13.33
2024-06-25,5.23,5.353269999999999,5.33,,12.84
2024-06-26,5.24,5.353269999999999,5.34,,12.55
2024-06-27,5.23,5.35329,5.34,,12.24
2024-06-28,5.22,5.35331,5.33,,12.44
2024-07-01,5.24,5.35284,5.4,5.33,12.22
2024-07-02,5.24,5.35352,5.35,,12.03
2024-07-03,5.24,5.35386,5.33,,12.09
2024-07-04,,,,,12.26
2024-07-05,5.23,5.35409,5.32,,12.48
2024-07-08,5.23,5.35419,5.32,,12.37
2024-07-09,5.23,5.3543,5.34,,12.51
2024-07-10,5.23,5.35464,5.34,,12.85
2024-07-11,5.21,5.35497,5.34,,12.92
2024-07-12,5.21,5.35533,5.34,,12.46
2024-07-15,5.2,5.35621,5.34,,13.12
2024-07-16,5.2,5.35655,5.35,,13.19
2024-07-17,5.2,5.357,5.35,,14.48
2024-07-18,5.21,5.357559999999999,5.34,,15.93
2024-07-19,5.2,5.35792,5.34,,16.52
2024-07-22,5.19,5.35891,5.33,,14.91
2024-07-23,5.18,5.35914,5.34,,14.72
2024-07-24,5.18,5.35948,5.34,,18.04
2024-07-25,5.17,5.3598099999999995,5.35,,18.46
2024-07-26,5.16,5.36017,5.35,,16.39
2024-07-29,5.15,5.36116,5.33,,16.6
2024-07-30,5.14,5.36105,5.33,,17.69
2024-07-31,5.15,5.36116,5.38,,16.36
2024-08-01,5.12,5.36195,5.35,5.33,18.59
2024-08-02,5.05,5.362419999999999,5.35,,23.39
2024-08-05,5.09,5.36375,5.32,,38.57
2024-08-06,5.09,5.3638699999999995,5.33,,27.71
2024-08-07,5.09,5.36409,5.33,,27.85
2024-08-08,5.09,5.364319999999999,5.34,,23.79
2024-08-09,5.09,5.364669999999999,5.34,,20.37
2024-08-12,5.07,5.36567,5.34,,20.71
2024-08-13,5.06,5.366,5.34,,18.12
2024-08-14,5.07,5.36634,5.33,,16.19
2024-08-15,5.09,5.366569999999999,5.35,,15.23
2024-08-16,5.08,5.36704,5.32,,14.8
2024-08-19,5.06,5.36736,5.32,,14.65
2024-08-20,5.04,5.36747,5.32,,15.88
2024-08-21,5.02,5.36758,5.31,,16.27
2024-08-22,5.04,5.36758,5.31,,17.55
2024-08-23,5.01,5.36749,5.33,,15.86
2024-08-26,4.98,5.3678300000000005,5.34,,16.15
2024-08-27,4.98,5.36806,5.35,,15.43
2024-08-28,4.96,5.36828,5.35,,17.11
2024-08-29,4.98,5.36851,5.33,,15.65
2024-08-30,4.98,5.36841,5.32,,15.0
2024-09-01,,,,5.13,
2024-09-02,,,,,15.55
2024-09-03,4.97,5.36747,5.34,,20.72
2024-09-04,4.96,5.36758,5.35,,21.32
2024-09-05,4.94,5.3678099999999995,5.35,,19.9
2024-09-06,4.93,5.36805,5.34,,22.38
2024-09-09,4.89,5.36848,5.34,,19.45
2024-09-10,4.85,5.36871,5.33,,19.08
2024-09-11,4.89,5.368930000000001,5.32,,17.69
2024-09-12,4.85,5.36904,5.33,,17.07
2024-09-13,4.78,5.36929,5.33,,16.56
2024-09-16,4.75,5.36972,5.38,,17.14
2024-09-17,4.75,5.37029,5.38,,17.61
2024-09-18,4.65,5.37085,5.33,,18.23
2024-09-19,4.61,5.37097,4.82,,16.33
2024-09-20,4.56,5.365469999999999,4.83,,16.15
2024-09-23,4.53,5.34924,4.83,,15.89
2024-09-24,4.5,5.34361,4.84,,15.39
2024-09-25,4.51,5.33798,4.84,,15.41
2024-09-26,4.5,5.3323599999999995,4.83,,15.37
2024-09-27,4.5,5.32675,4.84,,16.96
2024-09-30,4.52,5.3094,4.96,,16.73
2024-10-01,4.5,5.30501,5.05,4.83,19.26
2024-10-02,4.48,5.30186,4.92,,18.9
2024-10-03,4.48,5.29725,4.85,,20.49
2024-10-04,4.53,5.29197,4.83,,19.21
2024-10-07,4.55,5.27541,4.83,,22.64
2024-10-08,4.53,5.26967,4.84,,21.42
2024-10-09,4.54,5.26405,4.83,,20.86
2024-10-10,4.54,5.25831,4.82,,20.93
2024-10-11,4.53,5.25247,4.81,,20.46
2024-10-14,,,,,19.7
2024-10-15,4.52,5.22846,4.86,,20.64
2024-10-16,4.51,5.22295,4.86,,19.58
2024-10-17,4.54,5.21755,4.85,,19.11
2024-10-18,4.53,5.21205,4.84,,18.03
2024-10-21,4.51,5.19527,4.82,,18.37
2024-10-22,4.51,5.18942,4.83,,18.2
2024-10-23,4.52,5.183680000000001,4.83,,19.24
2024-10-24,4.5,5.17782,4.83,,19.08
2024-10-25,4.52,5.17199,4.83,,20.33
2024-10-28,4.49,5.15465,4.82,,19.8
2024-10-29,4.49,5.14891,4.82,,19.34
2024-10-30,4.47,5.1426099999999995,4.81,,20.35
2024-10-31,4.44,5.13653,4.9,,23.16
2024-11-01,4.41,5.13149,4.86,4.64,21.88
2024-11-04,4.44,5.11527,4.82,,21.98
2024-11-05,4.43,5.10953,4.82,,20.49
2024-11-06,4.44,5.10379,4.81,,16.27
2024-11-07,4.43,5.09783,4.82,,15.2
2024-11-08,4.43,5.092,4.6,,14.94
2024-11-11,,,,,14.97
2024-11-12,4.43,5.058669999999999,4.6,,14.71
2024-11-13,4.4,5.05045,4.59,,14.02
2024-11-14,4.41,5.0419,4.58,,14.31
2024-11-15,4.41,5.0336,4.57,,16.14
2024-11-18,4.42,5.00828,4.57,,15.58
2024-11-19,4.41,4.99984,4.57,,16.35
2024-11-20,4.42,4.9915199999999995,4.56,,17.16
2024-11-21,4.43,4.98308,4.57,,16.87
2024-11-22,4.43,4.97455,4.57,,15.24
2024-11-25,4.42,4.94878,4.58,,14.6
2024-11-26,4.4,4.940119999999999,4.58,,14.1
2024-11-27,4.4,4.9314599999999995,4.57,,14.1
2024-11-28,,,,,13.9
2024-11-29,4.39,4.9145,4.59,,13.51
2024-12-01,,,,4.48,
2024-12-02,4.38,4.889880000000001,4.64,,13.34
2024-12-03,4.36,4.88201,4.64,,13.3
2024-12-04,4.35,4.87402,4.59,,13.45
2024-12-05,4.34,4.865480000000001,4.59,,13.54
2024-12-06,4.31,4.85706,4.6,,12.77
2024-12-09,4.3,4.83209,4.63,,14.19
2024-12-10,4.29,4.8242199999999995,4.64,,14.18
2024-12-11,4.26,4.81657,4.62,,13.58
2024-12-12,4.23,4.808590000000001,4.62,,13.92
2024-12-13,4.23,4.800619999999999,4.6,,13.81
2024-12-16,4.25,4.77543,4.65,,14.69
2024-12-17,4.26,4.76722,4.62,,15.87
2024-12-18,4.25,4.75924,4.57,,27.62
2024-12-19,4.23,4.75643,4.3,,24.09
2024-12-20,4.23,4.75049,4.3,,18.36
2024-12-23,4.24,4.7326,4.31,,16.78
2024-12-24,4.28,4.72665,4.4,,14.27
2024-12-25,,,,,
2024-12-26,4.24,4.71686,4.53,,14.73
2024-12-27,4.19,4.71339,4.46,,15.95
2024-12-30,4.23,4.6992199999999995,4.37,,17.4
2024-12-31,4.23,4.69157,4.49,,17.35
2025-01-01,,,,4.33,
2025-01-02,4.22,4.68269,4.4,,17.93
2025-01-03,4.2,4.6778699999999995,4.31,,16.13
2025-01-06,4.21,4.66032,4.27,,16.04
2025-01-07,4.21,4.653919999999999,4.27,,17.82
2025-01-08,4.21,4.64762,4.29,,17.7
2025-01-09,4.21,4.6416699999999995,4.3,,18.07
2025-01-10,4.22,4.63596,4.3,,19.54
2025-01-13,4.23,4.61877,4.29,,19.19
2025-01-14,4.22,4.61236,4.28,,18.71
2025-01-15,4.21,4.60584,4.28,,16.12
2025-01-16,4.21,4.59944,4.29,,16.6
2025-01-17,4.2,4.5932699999999995,4.29,,15.97
2025-01-20,,,,,15.81
2025-01-21,4.22,4.56886,4.29,,15.06
2025-01-22,4.22,4.562790000000001,4.3,,15.1
2025-01-23,4.22,4.55684,4.35,,15.02
2025-01-24,4.21,4.55146,4.34,,14.85
2025-01-27,4.2,4.53505,4.34,,17.9
2025-01-28,4.2,4.52965,4.35,,16.41
2025-01-29,4.2,4.5244800000000005,4.35,,16.56
2025-01-30,4.19,4.5183,4.36,,15.84
2025-01-31,4.2,4.5127,4.38,,16.43
2025-02-01,,,,4.33,
2025-02-03,4.22,4.49696,4.35,,18.62
2025-02-04,4.22,4.491680000000001,4.33,,17.21
2025-02-05,4.22,4.48629,4.33,,15.77
2025-02-06,4.22,4.48079,4.36,,15.5
2025-02-07,4.24,4.47811,4.35,,16.54
2025-02-10,4.23,4.46969,4.35,,15.81
2025-02-11,4.23,4.466880000000001,4.34,,16.02
2025-02-12,4.23,4.4640699999999995,4.32,,15.89
2025-02-13,4.22,4.46115,4.33,,15.1
2025-02-14,4.22,4.45846,4.33,,14.77
2025-02-17,,,,,15.37
2025-02-18,4.23,4.44765,4.37,,15.35
2025-02-19,4.22,4.44552,4.35,,15.27
2025-02-20,4.21,4.44305,4.33,,15.66
2025-02-21,4.21,4.44036,4.34,,18.21
2025-02-24,4.19,4.43249,4.34,,18.98
2025-02-25,4.19,4.429790000000001,4.33,,19.43
2025-02-26,4.2,4.4271,4.33,,19.1
2025-02-27,4.2,4.42441,4.36,,21.13
2025-02-28,4.2,4.42184,4.39,,19.63
2025-03-01,,,,4.33,
2025-03-03,4.21,4.41453,4.33,,22.78
2025-03-04,4.2,4.41104,4.33,,23.51
2025-03-05,4.21,4.408119999999999,4.34,,21.93
2025-03-06,4.2,4.40531,4.35,,24.87
2025-03-07,4.2,4.40252,4.34,,23.37
2025-03-10,4.19,4.39341,4.33,,27.86
2025-03-11,4.2,4.3899300000000006,4.32,,26.92
2025-03-12,4.21,4.38656,4.31,,24.23
2025-03-13,4.2,4.3830800000000005,4.3,,24.66
2025-03-14,4.2,4.37972,4.3,,21.77
2025-03-17,4.2,4.36904,4.32,,20.51
2025-03-18,4.2,4.36567,4.31,,21.7
2025-03-19,4.2,4.36275,4.29,,19.9
2025-03-20,4.19,4.36264,4.29,,19.8
2025-03-21,4.19,4.36254,4.3,,19.28
2025-03-24,4.19,4.362419999999999,4.31,,17.48
2025-03-25,4.19,4.36141,4.33,,17.15
2025-03-26,4.2,4.36062,4.35,,18.33
2025-03-27,4.2,4.3586,4.36,,18.69
2025-03-28,4.2,4.35749,4.34,,21.65
2025-03-31,4.21,4.35445,4.41,,22.28
2025-04-01,4.2,4.35356,4.39,4.33,21.77
2025-04-02,4.21,4.35243,4.37,,21.51
2025-04-03,4.2,4.3521,4.39,,30.02
2025-04-04,4.17,4.35301,4.35,,45.31
2025-04-07,4.17,4.35479,4.33,,46.98
2025-04-08,4.19,4.3554699999999995,4.4,,52.33
2025-04-09,4.24,4.3567,4.42,,33.62
2025-04-10,4.22,4.35805,4.37,,40.72
2025-04-11,4.23,4.35885,4.33,,37.56
2025-04-14,4.22,4.35996,4.33,,30.89
2025-04-15,4.22,4.360519999999999,4.36,,30.12
2025-04-16,4.21,4.36142,4.31,,32.64
2025-04-17,4.23,4.36164,4.32,,29.65
2025-04-18,,,,,
2025-04-21,4.22,4.36299,4.32,,33.82
2025-04-22,4.22,4.36333,4.3,,30.57
2025-04-23,4.22,4.36333,4.28,,28.45
2025-04-24,4.21,4.36254,4.29,,26.47
2025-04-25,4.21,4.36199,4.33,,24.84
2025-04-28,4.2,4.36164,4.36,,25.15
2025-04-29,4.2,4.36175,4.36,,24.17
2025-04-30,4.2,4.36187,4.41,,24.7
2025-05-01,4.2,4.362430000000001,4.39,4.33,24.6
2025-05-02,4.22,4.36255,4.36,,22.68
2025-05-05,4.22,4.3622,4.33,,23.64
2025-05-06,4.22,4.3622,4.32,,24.76
2025-05-07,4.22,4.36209,4.3,,23.55
2025-05-08,4.23,4.36142,4.29,,22.48
2025-05-09,4.22,4.36075,4.28,,21.9
2025-05-12,4.31,4.35839,4.28,,18.39
2025-05-13,4.29,4.35771,4.3,,18.22
2025-05-14,4.29,4.35749,4.29,,18.62
2025-05-15,4.27,4.35704,4.31,,17.83
2025-05-16,4.25,4.35683,4.3,,17.24
2025-05-19,4.28,4.35582,4.29,,18.14
2025-05-20,4.26,4.35492,4.27,,18.09
2025-05-21,4.24,4.354019999999999,4.26,,20.87
2025-05-22,4.25,4.35324,4.26,,20.28
2025-05-23,4.24,4.35235,4.26,,22.29
2025-05-26,,,,,20.57
2025-05-27,4.24,4.34884,4.31,,18.96
2025-05-28,4.24,4.3486199999999995,4.33,,19.31
2025-05-29,4.25,4.34828,4.33,,19.18
2025-05-30,4.25,4.34762,4.35,,18.57
2025-06-01,,,,4.33,
2025-06-02,4.25,4.34693,4.35,,18.36
2025-06-03,4.24,4.34716,4.32,,17.69
2025-06-04,4.25,4.34693,4.28,,17.61
2025-06-05,4.25,4.34615,4.29,,18.48
2025-06-06,4.25,4.3456,4.29,,16.77
2025-06-09,4.25,4.34401,4.29,,17.16
2025-06-10,4.26,4.34368,4.28,,16.95
2025-06-11,4.26,4.34334,4.28,,17.26
2025-06-12,4.27,4.34311,4.28,,18.02
2025-06-13,4.26,4.3429,4.28,,20.82
2025-06-16,4.24,4.34199,4.32,,19.11
2025-06-17,4.23,4.3421,4.31,,21.6
2025-06-18,4.23,4.34233,4.28,,20.14
2025-06-19,,,,,22.17
2025-06-20,4.21,4.342,4.29,,20.62
2025-06-23,4.19,4.34154,4.29,,19.83
2025-06-24,4.19,4.34109,4.3,,17.48
2025-06-25,4.19,4.34053,4.36,,16.76
2025-06-26,4.21,4.34053,4.4,,16.59
2025-06-27,4.2,4.34121,4.39,,16.32
2025-06-30,4.24,4.3421,4.45,,16.73
2025-07-01,4.24,4.34277,4.44,4.33,16.83
2025-07-02,4.24,4.34356,4.4,,16.64
2025-07-03,4.26,4.3436699999999995,4.35,,16.38
2025-07-04,,,,,17.48
2025-07-07,4.26,4.34388,4.33,,17.79
2025-07-08,4.26,4.34309,4.34,,16.81
2025-07-09,4.26,4.34219,4.32,,15.94
2025-07-10,4.25,4.34163,4.31,,15.78
2025-07-11,4.25,4.341419999999999,4.31,,16.4
2025-07-14,4.26,4.340730000000001,4.33,,17.2
2025-07-15,4.25,4.3404,4.37,,17.38
2025-07-16,4.24,4.341069999999999,4.34,,17.16
2025-07-17,4.24,4.34131,4.34,,16.52
2025-07-18,4.24,4.34155,4.3,,16.41
2025-07-21,4.24,4.34086,4.28,,16.65
2025-07-22,4.24,4.34064,4.28,,16.5
2025-07-23,4.25,4.34064,4.28,,15.37
2025-07-24,4.25,4.34052,4.3,,15.39
2025-07-25,4.25,4.3402,4.36,,14.93
2025-07-28,4.24,4.34086,4.36,,15.03
2025-07-29,4.24,4.34086,4.36,,15.98
2025-07-30,4.25,4.3403,4.32,,15.48
2025-07-31,4.24,4.33951,4.39,,16.72
2025-08-01,4.19,4.33986,4.34,4.33,20.38
2025-08-04,4.16,4.33951,4.33,,17.52
2025-08-05,4.16,4.3396300000000005,4.34,,17.85
2025-08-06,4.14,4.34008,4.34,,16.77
2025-08-07,4.14,4.34064,4.35,,16.57
2025-08-08,4.14,4.34143,4.35,,15.15
2025-08-11,4.15,4.343780000000001,4.34,,16.25
2025-08-12,4.14,4.34423,4.36,,14.73
2025-08-13,4.11,4.34502,4.33,,14.49
2025-08-14,4.12,4.34524,4.34,,14.83
2025-08-15,4.12,4.3457,4.36,,15.09
2025-08-18,4.14,4.34782,4.34,,14.99
2025-08-19,4.12,4.34861,4.33,,15.57
2025-08-20,4.12,4.3494,4.31,,15.69
2025-08-21,4.14,4.34996,4.32,,16.6
2025-08-22,4.1,4.35065,4.36,,14.22
2025-08-25,4.1,4.354019999999999,4.37,,14.79
2025-08-26,4.1,4.35469,4.38,,14.62
2025-08-27,4.08,4.35525,4.36,,14.85
2025-08-28,4.08,4.35559,4.34,,14.43
2025-08-29,4.05,4.3554900000000005,4.34,,15.36
2025-09-01,,,,4.22,16.12
2025-09-02,4.05,4.35535,4.39,,17.17
2025-09-03,4.03,4.35658,4.39,,16.35
2025-09-04,4.01,4.35771,4.41,,15.3
2025-09-05,3.92,4.3590599999999995,4.42,,15.18
2025-09-08,3.95,4.36343,4.4,,15.11
2025-09-09,3.95,4.3647800000000005,4.4,,15.04
2025-09-10,3.94,4.36613,4.39,,15.35
2025-09-11,3.94,4.36736,4.41,,14.71
2025-09-12,3.94,4.36883,4.42,,14.76
2025-09-15,3.91,4.37309,4.51,,15.69
2025-09-16,3.9,4.37534,4.39,,16.36
2025-09-17,3.88,4.37658,4.38,,15.72
2025-09-18,3.89,4.3777,4.14,,15.7
2025-09-19,3.89,4.37603,4.14,,15.45
2025-09-22,3.86,4.37096,4.14,,16.1
2025-09-23,3.86,4.36917,4.12,,16.64
2025-09-24,3.87,4.36647,4.13,,16.18
2025-09-25,3.89,4.36344,4.18,,16.74
2025-09-26,3.87,4.36109,4.16,,15.29
2025-09-29,3.86,4.35266,4.13,,16.12
2025-09-30,3.86,4.34918,4.24,,16.28
2025-10-01,3.85,4.34738,4.2,4.09,16.29
2025-10-02,3.86,4.34571,4.2,,16.63
2025-10-03,3.87,4.34404,4.18,,16.65
2025-10-06,3.86,4.33853,4.15,,16.37
2025-10-07,3.85,4.33639,4.14,,17.24
2025-10-08,3.85,4.33437,4.12,,16.3
2025-10-09,3.87,4.33224,4.13,,16.43
2025-10-10,3.86,4.33023,4.15,,21.66
2025-10-13,,,,,19.03
2025-10-14,3.85,4.32212,4.19,,20.81
2025-10-15,3.87,4.32043,4.29,,20.64
2025-10-16,3.86,4.31987,4.3,,25.31
2025-10-17,3.84,4.31988,4.18,,20.78
2025-10-20,3.81,4.31605,4.16,,18.23
2025-10-21,3.8,4.31471,4.23,,17.87
2025-10-22,3.8,4.31414,4.21,,18.6
2025-10-23,3.8,4.31313,4.24,,17.3
2025-10-24,3.77,4.3118,4.24,,16.37
2025-10-27,3.73,4.30774,4.27,,15.79
2025-10-28,3.73,4.30673,4.31,,16.42
2025-10-29,3.77,4.30662,4.27,,16.92
2025-10-30,3.76,4.30527,4.04,,16.91
2025-10-31,3.73,4.30192,4.22,,17.44
2025-11-01,,,,3.88,
2025-11-03,3.82,4.29798,4.13,,17.17
2025-11-04,3.8,4.29562,4.0,,19.0
2025-11-05,3.8,4.2918,3.91,,18.01
2025-11-06,3.77,4.28686,3.92,,19.5
2025-11-07,3.77,4.28204,3.93,,19.08
2025-11-10,3.79,4.268,3.95,,17.6
2025-11-11,,,,,17.28
2025-11-12,3.79,4.25912,3.98,,17.51
2025-11-13,3.8,4.25508,4.0,,20.0
2025-11-14,3.8,4.25105,3.95,,19.83
2025-11-17,3.8,4.23746,4.0,,22.38
2025-11-18,3.78,4.23375,3.94,,24.69
2025-11-19,3.79,4.2296,3.91,,23.66
2025-11-20,3.78,4.22499,3.91,,26.42
2025-11-21,3.75,4.21995,3.93,,23.43
2025-11-24,3.75,4.20535,3.96,,20.52
2025-11-25,3.74,4.20063,4.01,,18.56
2025-11-26,3.76,4.19671,4.05,,17.19
2025-11-27,,,,,17.21
2025-11-28,3.73,4.19021,4.12,,16.35
2025-12-01,3.71,4.1828,4.12,3.72,17.24
2025-12-02,3.68,4.17977,4.01,,16.59
2025-12-03,3.64,4.1755,3.95,,16.08
2025-12-04,3.63,4.17034,3.92,,15.78
2025-12-05,3.62,4.16474,3.93,,15.41
2025-12-08,3.64,4.14845,3.95,,16.66
2025-12-09,3.64,4.1434,3.93,,16.93
2025-12-10,3.6,4.13824,3.9,,15.77
2025-12-11,3.58,4.13251,3.66,,14.85
2025-12-12,3.54,4.124,3.67,,15.74
2025-12-15,3.56,4.09772,3.75,,16.5
2025-12-16,3.56,4.09054,3.69,,16.48
2025-12-17,3.55,4.0828,3.69,,17.62
2025-12-18,3.53,4.07775,3.66,,16.87
2025-12-19,3.54,4.07237,3.66,,14.91
2025-12-22,3.56,4.0562,3.68,,14.08
2025-12-23,3.56,4.05126,3.66,,14.0
2025-12-24,3.6,4.04599,3.66,,13.47
2025-12-25,,,,,
2025-12-26,3.56,4.03455,3.76,,13.6
2025-12-29,3.57,4.02141,3.77,,14.2
2025-12-30,3.55,4.01614,3.71,,14.33
2025-12-31,3.57,4.01064,3.87,,14.95
2026-01-01,,,,3.64,
2026-01-02,3.54,4.00346,3.75,,14.51
2026-01-05,3.54,3.98932,3.7,,14.9
2026-01-06,3.53,3.98438,3.66,,14.75
2026-01-07,3.52,3.97922,3.65,,15.38
2026-01-08,3.52,3.97383,3.64,,15.45
2026-01-09,3.52,3.96813,3.64,,14.49
2026-01-12,3.56,3.95097,3.64,,15.12
2026-01-13,3.57,3.94479,3.65,,15.98
2026-01-14,3.57,3.93761,3.64,,16.75
2026-01-15,3.57,3.93021,3.66,,15.84
2026-01-16,3.57,3.92439,3.65,,15.86
2026-01-19,,,,,18.84
2026-01-20,3.59,3.90025,3.64,,20.09
2026-01-21,3.59,3.89385,3.63,,16.9
2026-01-22,3.6,3.88701,3.64,,15.64
2026-01-23,3.59,3.88029,3.65,,16.09
2026-01-26,3.59,3.86009,3.66,,16.15
2026-01-27,3.58,3.8528,3.66,,16.35
2026-01-28,3.59,3.84596,3.64,,16.35
2026-01-29,3.59,3.84147,3.65,,16.88
2026-01-30,3.58,3.83509,3.68,,17.44
2026-02-01,,,,3.64,
2026-02-02,3.6,3.81792,3.69,,16.34
2026-02-03,3.6,3.81445,3.69,,18.0
2026-02-04,3.6,3.81198,3.65,,18.64
2026-02-05,3.59,3.80895,3.65,,21.77
2026-02-06,3.6,3.80582,3.64,,17.76
2026-02-09,3.6,3.79583,3.63,,17.36
2026-02-10,3.6,3.79225,3.65,,17.79
2026-02-11,3.61,3.78854,3.65,,17.65
2026-02-12,3.61,3.78462,3.65,,20.82
2026-02-13,3.6,3.78126,3.66,,20.6
2026-02-16,,,,,21.2
2026-02-17,3.61,3.76779,3.71,,20.29
2026-02-18,3.61,3.76554,3.73,,19.62
2026-02-19,3.61,3.76353,3.67,,20.23
2026-02-20,3.6,3.76062,3.66,,19.09
2026-02-23,3.6,3.75119,3.66,,21.01
2026-02-24,3.6,3.74727,3.67,,19.55
2026-02-25,3.6,3.74301,3.67,,17.93
2026-02-26,3.6,3.73875,3.67,,18.63
2026-02-27,3.59,3.73371,3.68,,19.86
2026-03-01,,,,3.64,
2026-03-02,3.61,3.7189,3.71,,21.44
2026-03-03,3.6,3.71554,3.7,,23.57
2026-03-04,3.6,3.71274,3.67,,21.15
2026-03-05,3.59,3.70993,3.66,,23.75
2026-03-06,3.58,3.70692,3.65,,29.49
2026-03-09,3.61,3.69727,3.65,,25.5
2026-03-10,3.6,3.69413,3.64,,24.93
2026-03-11,3.61,3.69121,3.64,,24.23
2026-03-12,3.61,3.69099,3.65,,27.29
2026-03-13,3.61,3.69077,3.65,,27.19
2026-03-16,3.61,3.68919,3.7,,23.51
2026-03-17,3.61,3.6893,3.65,,22.37
2026-03-18,3.62,3.68886,3.62,,25.09
2026-03-19,3.62,3.68841,3.62,,24.06
2026-03-20,3.63,3.68797,3.62,,26.78
2026-03-23,3.63,3.68639,3.62,,26.15
2026-03-24,3.63,3.68594,3.63,,26.95
2026-03-25,3.63,3.68561,3.64,,25.33
2026-03-26,3.63,3.68538,3.65,,27.44
2026-03-27,3.62,3.68416,3.63,,31.05
2026-03-30,3.62,3.67967,3.63,,30.61
2026-03-31,3.61,3.67877,3.68,,25.25
