Date,row_equity
2020-01-02,42.280208587646484
2020-01-03,41.7359733581543
2020-01-06,41.8380126953125
2020-01-07,41.75297927856445
2020-01-08,41.863521575927734
2020-01-09,41.97407913208008
2020-01-10,41.92304992675781
2020-01-13,42.28871154785156
2020-01-14,42.246192932128906
2020-01-15,42.152652740478516
2020-01-16,42.37374496459961
2020-01-17,42.518314361572266
2020-01-21,41.99958801269531
2020-01-22,42.152652740478516
2020-01-23,41.99958801269531
2020-01-24,41.75297927856445
2020-01-27,40.79206848144531
2020-01-28,41.14921569824219
2020-01-29,41.17472839355469
2020-01-30,41.013160705566406
2020-01-31,40.34136962890625
2020-02-03,40.451927185058594
2020-02-04,41.217247009277344
2020-02-05,41.57440185546875
2020-02-06,41.68495178222656
2020-02-07,41.259765625
2020-02-10,41.378814697265625
2020-02-11,41.667945861816406
2020-02-12,41.97407913208008
2020-02-13,41.60841751098633
2020-02-14,41.59141540527344
2020-02-18,41.310787200927734
2020-02-19,41.52338790893555
2020-02-20,41.1832389831543
2020-02-21,40.970645904541016
2020-02-24,39.456993103027344
2020-02-25,38.88724899291992
2020-02-26,39.014801025390625
2020-02-27,37.883811950683594
2020-02-28,37.654212951660156
2020-03-02,38.257972717285156
2020-03-03,38.0113639831543
2020-03-04,38.91275405883789
2020-03-05,37.98585510253906
2020-03-06,37.43312454223633
2020-03-09,34.4398307800293
2020-03-10,35.800418853759766
2020-03-11,34.0146484375
2020-03-12,30.230520248413086
2020-03-13,32.2288818359375
2020-03-16,28.699859619140625
2020-03-17,30.247529983520508
2020-03-18,28.206647872924805
2020-03-19,28.6318302154541
2020-03-20,28.419239044189453
2020-03-23,27.892009735107422
2020-03-24,30.230520248413086
2020-03-25,31.4465389251709
2020-03-26,32.69657897949219
2020-03-27,31.48055648803711
2020-03-30,31.990779876708984
2020-03-31,32.01628875732422
2020-04-01,30.48563003540039
2020-04-02,31.20844078063965
2020-04-03,30.570667266845703
2020-04-06,32.1778564453125
2020-04-07,32.40745544433594
2020-04-08,32.69657897949219
2020-04-09,33.240814208984375
2020-04-13,33.01121139526367
2020-04-14,33.623477935791016
2020-04-15,32.65406036376953
2020-04-16,32.69657897949219
2020-04-17,33.51293182373047
2020-04-20,33.10476303100586
2020-04-21,32.322418212890625
2020-04-22,33.01121139526367
2020-04-23,32.883663177490234
2020-04-24,33.17277908325195
2020-04-27,33.674503326416016
2020-04-28,33.87009048461914
2020-04-29,34.7714729309082
2020-04-30,34.05717086791992
2020-05-01,33.198299407958984
2020-05-04,33.291839599609375
2020-05-05,33.40237808227539
2020-05-06,33.215301513671875
2020-05-07,33.631980895996094
2020-05-08,34.20173263549805
2020-05-11,34.19322967529297
2020-05-12,33.793556213378906
2020-05-13,33.53844451904297
2020-05-14,33.39387512207031
2020-05-15,33.308841705322266
2020-05-18,34.5928955078125
2020-05-19,34.210235595703125
2020-05-20,34.79698181152344
2020-05-21,34.44832992553711
2020-05-22,34.17621612548828
2020-05-26,35.05208969116211
2020-05-27,35.41775894165039
2020-05-28,35.59632873535156
2020-05-29,35.62184143066406
2020-06-01,36.41268539428711
2020-06-02,36.914390563964844
2020-06-03,37.705230712890625
2020-06-04,37.492652893066406
2020-06-05,38.19845199584961
2020-06-08,38.6661491394043
2020-06-09,38.20695495605469
2020-06-10,38.189945220947266
2020-06-11,36.2000846862793
2020-06-12,36.85487365722656
2020-06-15,36.893585205078125
2020-06-16,37.31517791748047
2020-06-17,37.47005081176758
2020-06-18,37.3495979309082
2020-06-19,37.22053527832031
2020-06-22,37.650733947753906
2020-06-23,37.90884780883789
2020-06-24,37.10008239746094
2020-06-25,37.461448669433594
2020-06-26,36.94520950317383
2020-06-29,37.23774337768555
2020-06-30,37.203330993652344
2020-07-01,37.409820556640625
2020-07-02,37.943260192871094
2020-07-06,38.838069915771484
2020-07-07,38.227195739746094
2020-07-08,38.743431091308594
2020-07-09,38.44228744506836
2020-07-10,38.65739440917969
2020-07-13,38.40788269042969
2020-07-14,38.803653717041016
2020-07-15,39.19943618774414
2020-07-16,38.87248611450195
2020-07-17,39.05317687988281
2020-07-20,39.31989288330078
2020-07-21,39.53499221801758
2020-07-22,39.53499221801758
2020-07-23,39.19943618774414
2020-07-24,39.06177520751953
2020-07-27,39.638240814208984
2020-07-28,39.35430908203125
2020-07-29,39.8447265625
2020-07-30,39.35430908203125
2020-07-31,38.70041275024414
2020-08-03,39.251060485839844
2020-08-04,39.595218658447266
2020-08-05,39.82752227783203
2020-08-06,39.89635467529297
2020-08-07,39.53499221801758
2020-08-10,39.64684295654297
2020-08-11,39.69846725463867
2020-08-12,40.46421432495117
2020-08-13,40.309349060058594
2020-08-14,40.1114501953125
2020-08-17,40.46421432495117
2020-08-18,40.46421432495117
2020-08-19,40.19749069213867
2020-08-20,40.07704162597656
2020-08-21,39.965187072753906
2020-08-24,40.481422424316406
2020-08-25,40.601871490478516
2020-08-26,40.81697082519531
2020-08-27,40.46421432495117
2020-08-28,40.80836868286133
2020-08-31,40.309349060058594
2020-09-01,40.5932731628418
2020-09-02,40.92021942138672
2020-09-03,40.025413513183594
2020-09-04,40.05121994018555
2020-09-08,39.47476577758789
2020-09-09,40.18028259277344
2020-09-10,39.6640510559082
2020-09-11,40.01680374145508
2020-09-14,40.378173828125
2020-09-15,40.6620979309082
2020-09-16,40.636287689208984
2020-09-17,40.61048126220703
2020-09-18,40.274932861328125
2020-09-21,39.50917434692383
2020-09-22,39.47476577758789
2020-09-23,38.975730895996094
2020-09-24,38.932716369628906
2020-09-25,39.02735900878906
2020-09-28,39.612422943115234
2020-09-29,39.517784118652344
2020-09-30,39.56940841674805
2020-10-01,39.89635467529297
2020-10-02,39.69846725463867
2020-10-05,40.292137145996094
2020-10-06,39.973793029785156
2020-10-07,40.35236358642578
2020-10-08,40.6793098449707
2020-10-09,40.9460334777832
2020-10-12,41.18694305419922
2020-10-13,40.83418273925781
2020-10-14,40.73953628540039
2020-10-15,40.36096954345703
2020-10-16,40.498634338378906
2020-10-19,40.33515930175781
2020-10-20,40.601871490478516
2020-10-21,40.47282028198242
2020-10-22,40.49002456665039
2020-10-23,40.69651794433594
2020-10-26,40.034019470214844
2020-10-27,39.90495681762695
2020-10-28,38.803653717041016
2020-10-29,39.001548767089844
2020-10-30,38.76063919067383
2020-11-02,39.242454528808594
2020-11-03,39.982391357421875
2020-11-04,40.65349578857422
2020-11-05,41.53109359741211
2020-11-06,41.66876220703125
2020-11-09,42.52915573120117
2020-11-10,42.63239288330078
2020-11-11,42.97655487060547
2020-11-12,42.41729736328125
2020-11-13,43.03678894042969
2020-11-16,43.57883071899414
2020-11-17,43.50999450683594
2020-11-18,43.320709228515625
2020-11-19,43.570228576660156
2020-11-20,43.707889556884766
2020-11-23,43.75090789794922
2020-11-24,44.353187561035156
2020-11-25,44.28434753417969
2020-11-27,44.61130142211914
2020-11-30,43.64765930175781
2020-12-01,44.51665496826172
2020-12-02,44.55967712402344
2020-12-03,44.791988372802734
2020-12-04,45.18775939941406
2020-12-07,44.96406173706055
2020-12-08,45.093116760253906
2020-12-09,45.007080078125
2020-12-10,45.247989654541016
2020-12-11,45.032894134521484
2020-12-14,44.972965240478516
2020-12-15,45.45934295654297
2020-12-16,45.62437057495117
2020-12-17,45.96310043334961
2020-12-18,45.72859191894531
2020-12-21,45.1727294921875
2020-12-22,45.016395568847656
2020-12-23,45.47671890258789
2020-12-24,45.41592025756836
2020-12-28,45.6851692199707
2020-12-29,46.06732177734375
2020-12-30,46.29314041137695
2020-12-31,46.06732177734375
2021-01-04,46.310516357421875
2021-01-05,46.98797607421875
2021-01-06,47.187744140625
2021-01-07,47.439613342285156
2021-01-08,48.082332611083984
2021-01-11,47.456993103027344
2021-01-12,47.734920501708984
2021-01-13,47.70018005371094
2021-01-14,48.09102249145508
2021-01-15,47.404876708984375
2021-01-19,47.86520004272461
2021-01-20,48.36895751953125
2021-01-21,48.43844223022461
2021-01-22,48.1083869934082
2021-01-25,48.186561584472656
2021-01-26,48.1083869934082
2021-01-27,46.96192169189453
2021-01-28,47.27458953857422
2021-01-29,46.19760513305664
2021-02-01,46.996665954589844
2021-02-02,47.535152435302734
2021-02-03,47.70018005371094
2021-02-04,47.71754455566406
2021-02-05,48.06496047973633
2021-02-08,48.35158157348633
2021-02-09,48.690311431884766
2021-02-10,48.66425704956055
2021-02-11,49.0290412902832
2021-02-12,49.237491607666016
2021-02-16,49.50674057006836
2021-02-17,49.35040283203125
2021-02-18,48.950870513916016
2021-02-19,49.19405746459961
2021-02-22,48.65557098388672
2021-02-23,48.7511100769043
2021-02-24,48.78584671020508
2021-02-25,47.882572174072266
2021-02-26,47.10957336425781
2021-03-01,48.17787551879883
2021-03-02,48.03891372680664
2021-03-03,47.839149475097656
2021-03-04,47.13562774658203
2021-03-05,47.56989669799805
2021-03-08,47.048770904541016
2021-03-09,47.795719146728516
2021-03-10,47.908626556396484
2021-03-11,48.58608627319336
2021-03-12,48.40369415283203
2021-03-15,48.4644889831543
2021-03-16,48.638206481933594
2021-03-17,48.76848220825195
2021-03-18,48.17787551879883
2021-03-19,48.42106628417969
2021-03-22,48.42106628417969
2021-03-23,47.70018005371094
2021-03-24,47.1964225769043
2021-03-25,47.43092727661133
2021-03-26,48.22129821777344
2021-03-29,48.02153778076172
2021-03-30,47.986793518066406
2021-03-31,47.926002502441406
2021-04-01,48.56871795654297
2021-04-05,49.089839935302734
2021-04-06,48.82928466796875
2021-04-07,48.638206481933594
2021-04-08,49.01167297363281
2021-04-09,48.9769287109375
2021-04-12,48.70768356323242
2021-04-13,48.95956039428711
2021-04-14,49.0377311706543
2021-04-15,49.437255859375
2021-04-16,49.71519088745117
2021-04-19,49.52410888671875
2021-04-20,48.80321502685547
2021-04-21,49.28091812133789
2021-04-22,49.107215881347656
2021-04-23,49.64570999145508
2021-04-26,49.71519088745117
2021-04-27,49.610965728759766
2021-04-28,49.880210876464844
2021-04-29,49.81941604614258
2021-04-30,49.15064239501953
2021-05-03,49.50674057006836
2021-05-04,48.85533142089844
2021-05-05,49.385135650634766
2021-05-06,49.810726165771484
2021-05-07,50.35791015625
2021-05-10,49.8975830078125
2021-05-11,49.42856979370117
2021-05-12,48.455806732177734
2021-05-13,48.70768356323242
2021-05-14,49.56753158569336
2021-05-17,49.48067855834961
2021-05-18,49.7759895324707
2021-05-19,49.40251541137695
2021-05-20,49.99312210083008
2021-05-21,49.854164123535156
2021-05-24,50.1841926574707
2021-05-25,50.33185577392578
2021-05-26,50.436073303222656
2021-05-27,50.48819351196289
2021-05-28,50.67058181762695
2021-06-01,51.15696334838867
2021-06-02,51.26987075805664
2021-06-03,50.896400451660156
2021-06-04,51.36540603637695
2021-06-07,51.36540603637695
2021-06-08,51.278564453125
2021-06-09,51.1135368347168
2021-06-10,51.38300704956055
2021-06-11,51.41810989379883
2021-06-14,51.505882263183594
2021-06-15,51.461997985839844
2021-06-16,51.023128509521484
2021-06-17,50.84757995605469
2021-06-18,49.987396240234375
2021-06-21,50.5228157043457
2021-06-22,50.5140380859375
2021-06-23,50.39115524291992
2021-06-24,50.83002471923828
2021-06-25,51.03190231323242
2021-06-28,50.83002471923828
2021-06-29,50.812469482421875
2021-06-30,50.47892379760742
2021-07-01,50.49647903442383
2021-07-02,50.5228157043457
2021-07-06,50.083953857421875
2021-07-07,50.25071334838867
2021-07-08,49.45197296142578
2021-07-09,50.31216049194336
2021-07-12,50.47014617919922
2021-07-13,50.27705001831055
2021-07-14,50.39992904663086
2021-07-15,50.12783432006836
2021-07-16,49.67140579223633
2021-07-19,48.81121826171875
2021-07-20,49.12720489501953
2021-07-21,49.74162673950195
2021-07-22,49.80307388305664
2021-07-23,49.820621490478516
2021-07-26,49.56607437133789
2021-07-27,49.11842727661133
2021-07-28,49.688961029052734
2021-07-29,50.048828125
2021-07-30,49.645076751708984
2021-08-02,49.917171478271484
2021-08-03,50.25071334838867
2021-08-04,50.20683288574219
2021-08-05,50.36482620239258
2021-08-06,50.11027908325195
2021-08-09,50.1366081237793
2021-08-10,50.25948715209961
2021-08-11,50.5140380859375
2021-08-12,50.3384895324707
2021-08-13,50.47892379760742
2021-08-16,50.17172622680664
2021-08-17,49.60997009277344
2021-08-18,49.48707962036133
2021-08-19,48.872657775878906
2021-08-20,49.00432205200195
2021-08-23,49.55730056762695
2021-08-24,50.01372528076172
2021-08-25,50.01372528076172
2021-08-26,49.680179595947266
2021-08-27,50.189273834228516
2021-08-30,50.20683288574219
2021-08-31,50.36482620239258
2021-09-01,50.865135192871094
2021-09-02,51.00557327270508
2021-09-03,51.22500991821289
2021-09-07,51.295230865478516
2021-09-08,50.77735900878906
2021-09-09,50.6895866394043
2021-09-10,50.57548141479492
2021-09-13,50.8739128112793
2021-09-14,50.58426284790039
2021-09-15,50.73347473144531
2021-09-16,50.44381332397461
2021-09-17,49.92595291137695
2021-09-20,48.881439208984375
2021-09-21,49.27642059326172
2021-09-22,49.680179595947266
2021-09-23,50.20683288574219
2021-09-24,49.71529006958008
2021-09-27,49.829402923583984
2021-09-28,48.85511016845703
2021-09-29,48.653221130371094
2021-09-30,48.63567352294922
2021-10-01,48.872657775878906
2021-10-04,48.24946212768555
2021-10-05,48.55667495727539
2021-10-06,48.275794982910156
2021-10-07,48.872657775878906
2021-10-08,48.89899826049805
2021-10-11,48.784889221191406
2021-10-12,48.74978256225586
2021-10-13,49.29397201538086
2021-10-14,49.71529006958008
2021-10-15,50.12783432006836
2021-10-18,49.97861862182617
2021-10-19,50.382381439208984
2021-10-20,50.540374755859375
2021-10-21,50.25071334838867
2021-10-22,50.44381332397461
2021-10-25,50.46137619018555
2021-10-26,50.426265716552734
2021-10-27,50.1541633605957
2021-10-28,50.540374755859375
2021-10-29,50.09272003173828
2021-11-01,50.55792999267578
2021-11-02,50.3384895324707
2021-11-03,50.68081283569336
2021-11-04,50.62814712524414
2021-11-05,50.6895866394043
2021-11-08,50.838802337646484
2021-11-09,50.6895866394043
2021-11-10,50.215606689453125
2021-11-11,50.58426284790039
2021-11-12,50.838802337646484
2021-11-15,50.742252349853516
2021-11-16,50.67203140258789
2021-11-17,50.540374755859375
2021-11-18,50.417484283447266
2021-11-19,50.07516860961914
2021-11-22,49.72407150268555
2021-11-23,49.69773864746094
2021-11-24,49.49585723876953
2021-11-26,48.10024642944336
2021-11-29,48.31968307495117
2021-11-30,47.99491882324219
2021-12-01,47.75792694091797
2021-12-02,48.36356735229492
2021-12-03,48.0212516784668
2021-12-06,48.468902587890625
2021-12-07,49.42564010620117
2021-12-08,49.52219009399414
2021-12-09,49.153541564941406
2021-12-10,49.24131393432617
2021-12-13,48.63383102416992
2021-12-14,48.411155700683594
2021-12-15,48.83871078491211
2021-12-16,48.89213943481445
2021-12-17,48.37552261352539
2021-12-20,48.045955657958984
2021-12-21,48.696189880371094
2021-12-22,49.123741149902344
2021-12-23,49.408775329589844
2021-12-27,49.70270538330078
2021-12-28,49.71162033081055
2021-12-29,49.57801055908203
2021-12-30,49.68059539794922
2021-12-31,49.600311279296875
2022-01-03,49.88578414916992
2022-01-04,49.9749870300293
2022-01-05,49.43081283569336
2022-01-06,49.377288818359375
2022-01-07,49.600311279296875
2022-01-10,49.261314392089844
2022-01-11,50.01066970825195
2022-01-12,50.58161544799805
2022-01-13,50.10880661010742
2022-01-14,50.0731201171875
2022-01-18,49.31483459472656
2022-01-19,49.36836624145508
2022-01-20,49.19886779785156
2022-01-21,48.511962890625
2022-01-24,47.97669982910156
2022-01-25,47.816123962402344
2022-01-26,47.45928955078125
2022-01-27,47.16490173339844
2022-01-28,47.37008285522461
2022-01-31,48.33353805541992
2022-02-01,48.71713638305664
2022-02-02,48.9669189453125
2022-02-03,48.25325393676758
2022-02-04,48.39598846435547
2022-02-07,48.44951248168945
2022-02-08,48.7528190612793
2022-02-09,49.546791076660156
2022-02-10,49.020450592041016
2022-02-11,48.31570053100586
2022-02-14,48.012386322021484
2022-02-15,48.877716064453125
2022-02-16,49.100738525390625
2022-02-17,48.4049072265625
2022-02-18,48.101600646972656
2022-02-22,47.503902435302734
2022-02-23,47.05785369873047
2022-02-24,46.38877487182617
2022-02-25,47.49496841430664
2022-02-28,46.71885299682617
2022-03-01,45.83568572998047
2022-03-02,46.32633590698242
2022-03-03,45.568058013916016
2022-03-04,44.47970962524414
2022-03-07,43.05235290527344
2022-03-08,43.33782958984375
2022-03-09,44.89006805419922
2022-03-10,44.265602111816406
2022-03-11,43.68574142456055
2022-03-14,43.57869338989258
2022-03-15,43.96228790283203
2022-03-16,45.951656341552734
2022-03-17,46.22820281982422
2022-03-18,46.7366943359375
2022-03-21,46.379859924316406
2022-03-22,46.92403030395508
2022-03-23,46.433380126953125
2022-03-24,46.7366943359375
2022-03-25,46.70100784301758
2022-03-28,46.63856506347656
2022-03-29,47.5217399597168
2022-03-30,47.35224151611328
2022-03-31,46.629642486572266
2022-04-01,47.0846061706543
2022-04-04,47.45928955078125
2022-04-05,46.79914474487305
2022-04-06,46.21036148071289
2022-04-07,46.201438903808594
2022-04-08,46.23712158203125
2022-04-11,45.7464714050293
2022-04-12,45.3985595703125
2022-04-13,45.96949768066406
2022-04-14,45.66618728637695
2022-04-18,45.461002349853516
2022-04-19,45.514530181884766
2022-04-20,45.66618728637695
2022-04-21,45.04172134399414
2022-04-22,44.35480880737305
2022-04-25,44.07826232910156
2022-04-26,42.94530487060547
2022-04-27,43.230777740478516
2022-04-28,43.89091873168945
2022-04-29,43.507328033447266
2022-05-02,43.391353607177734
2022-05-03,43.73926544189453
2022-05-04,44.44401550292969
2022-05-05,42.989906311035156
2022-05-06,42.51709747314453
2022-05-09,41.22356414794922
2022-05-10,41.45551681518555
2022-05-11,41.20572280883789
2022-05-12,41.05406951904297
2022-05-13,42.18703079223633
2022-05-16,42.22270965576172
2022-05-17,43.0702018737793
2022-05-18,42.0532112121582
2022-05-19,42.534942626953125
2022-05-20,42.79365158081055
2022-05-23,43.400264739990234
2022-05-24,43.13264465332031
2022-05-25,43.17724609375
2022-05-26,43.730350494384766
2022-05-27,44.27452850341797
2022-05-31,44.29236602783203
2022-06-01,43.899845123291016
2022-06-02,44.756248474121094
2022-06-03,44.087181091308594
2022-06-06,44.25667953491211
2022-06-07,44.44401550292969
2022-06-08,44.087181091308594
2022-06-09,43.11347198486328
2022-06-10,42.23324203491211
2022-06-13,40.772220611572266
2022-06-14,40.72685623168945
2022-06-15,41.407447814941406
2022-06-16,40.354801177978516
2022-06-17,40.254974365234375
2022-06-21,40.92649459838867
2022-06-22,40.47276306152344
2022-06-23,40.41831588745117
2022-06-24,41.525421142578125
2022-06-27,41.46189880371094
2022-06-28,41.216888427734375
2022-06-29,41.01724624633789
2022-06-30,40.835750579833984
2022-07-01,40.808528900146484
2022-07-05,40.109779357910156
2022-07-06,40.028106689453125
2022-07-07,40.72685623168945
2022-07-08,40.75407791137695
2022-07-11,39.95551300048828
2022-07-12,39.8829231262207
2022-07-13,39.828468322753906
2022-07-14,39.30213928222656
2022-07-15,39.8103141784668
2022-07-18,40.0190315246582
2022-07-19,40.9537239074707
2022-07-20,40.72685623168945
2022-07-21,41.198734283447266
2022-07-22,40.935569763183594
2022-07-25,41.22595977783203
2022-07-26,40.73592758178711
2022-07-27,41.62523651123047
2022-07-28,41.833953857421875
2022-07-29,42.215087890625
2022-08-01,42.06989669799805
2022-08-02,41.552642822265625
2022-08-03,41.8430290222168
2022-08-04,42.06989669799805
2022-08-05,41.82488250732422
2022-08-08,41.924705505371094
2022-08-09,41.7341423034668
2022-08-10,42.569000244140625
2022-08-11,42.614376068115234
2022-08-12,42.97736358642578
2022-08-15,42.7232780456543
2022-08-16,42.741416931152344
2022-08-17,42.423805236816406
2022-08-18,42.27861404418945
2022-08-19,41.679691314697266
2022-08-22,41.09891891479492
2022-08-23,41.216888427734375
2022-08-24,41.25318145751953
2022-08-25,41.82488250732422
2022-08-26,40.87205123901367
2022-08-29,40.71778106689453
2022-08-30,40.34571838378906
2022-08-31,40.173301696777344
2022-09-01,39.73772430419922
2022-09-02,39.474552154541016
2022-09-06,39.2476921081543
2022-09-07,39.58345413208008
2022-09-08,39.60160446166992
2022-09-09,40.48183822631836
2022-09-12,41.05353927612305
2022-09-13,39.65605545043945
2022-09-14,39.828468322753906
2022-09-15,39.46548843383789
2022-09-16,39.156951904296875
2022-09-19,39.338436126708984
2022-09-20,38.77581787109375
2022-09-21,38.23133850097656
2022-09-22,38.07707214355469
2022-09-23,36.942745208740234
2022-09-26,36.39826583862305
2022-09-27,36.27122116088867
2022-09-28,37.015342712402344
2022-09-29,36.39826583862305
2022-09-30,36.30752182006836
2022-10-03,37.06071472167969
2022-10-04,38.45820236206055
2022-10-05,38.14966583251953
2022-10-06,37.559818267822266
2022-10-07,36.8882942199707
2022-10-10,36.588829040527344
2022-10-11,36.13510513305664
2022-10-12,36.01713180541992
2022-10-13,36.643280029296875
2022-10-14,36.04435729980469
2022-10-17,36.96089172363281
2022-10-18,37.151458740234375
2022-10-19,36.597904205322266
2022-10-20,36.6523551940918
2022-10-21,37.29664611816406
2022-10-24,36.85200119018555
2022-10-25,37.55073928833008
2022-10-26,37.986324310302734
2022-10-27,37.67778778076172
2022-10-28,37.895572662353516
2022-10-31,37.5870361328125
2022-11-01,37.99539566040039
2022-11-02,37.487220764160156
2022-11-03,37.34202575683594
2022-11-04,38.830265045166016
2022-11-07,38.92100524902344
2022-11-08,39.320289611816406
2022-11-09,38.69414520263672
2022-11-10,40.663333892822266
2022-11-11,41.480045318603516
2022-11-14,41.1170654296875
2022-11-15,41.54357147216797
2022-11-16,41.2804069519043
2022-11-17,41.298553466796875
2022-11-18,41.244102478027344
2022-11-21,40.935569763183594
2022-11-22,41.380226135253906
2022-11-23,41.77950668334961
2022-11-25,41.87932586669922
2022-11-28,41.43467330932617
2022-11-29,41.7341423034668
2022-11-30,42.614376068115234
2022-12-01,42.85938262939453
2022-12-02,42.85030746459961
2022-12-05,42.26046371459961
2022-12-06,42.08804702758789
2022-12-07,42.01545333862305
2022-12-08,42.3239860534668
2022-12-09,42.25139236450195
2022-12-12,42.360286712646484
2022-12-13,42.78298568725586
2022-12-14,42.77383804321289
2022-12-15,41.73994445800781
2022-12-16,41.4929084777832
2022-12-19,41.419715881347656
2022-12-20,41.53866195678711
2022-12-21,41.97783660888672
2022-12-22,41.59355545043945
2022-12-23,41.712501525878906
2022-12-27,41.97783660888672
2022-12-28,41.4654655456543
2022-12-29,42.096778869628906
2022-12-30,41.63015365600586
2023-01-03,41.904640197753906
2023-01-04,42.728092193603516
2023-01-05,42.36211395263672
2023-01-06,43.359405517578125
2023-01-09,43.56984329223633
2023-01-10,43.77113723754883
2023-01-11,44.06391525268555
2023-01-12,44.5762939453125
2023-01-13,44.86906814575195
2023-01-17,44.87822723388672
2023-01-18,44.667781829833984
2023-01-19,44.731834411621094
2023-01-20,45.18931198120117
2023-01-23,45.42719268798828
2023-01-24,45.399742126464844
2023-01-25,45.582733154296875
2023-01-26,45.77486801147461
2023-01-27,45.65592575073242
2023-01-30,45.15270233154297
2023-01-31,45.344844818115234
2023-02-01,45.756568908691406
2023-02-02,45.637630462646484
2023-02-03,45.09781265258789
2023-02-06,44.60373306274414
2023-02-07,44.95142364501953
2023-02-08,44.72268295288086
2023-02-09,44.82332229614258
2023-02-10,44.612884521484375
2023-02-13,45.015464782714844
2023-02-14,45.042911529541016
2023-02-15,44.814178466796875
2023-02-16,44.622039794921875
2023-02-17,44.5488395690918
2023-02-21,44.027320861816406
2023-02-22,43.77113723754883
2023-02-23,43.99072265625
2023-02-24,43.213008880615234
2023-02-27,43.65219497680664
2023-02-28,43.29536056518555
2023-03-01,43.74368667602539
2023-03-02,43.87178039550781
2023-03-03,44.41160202026367
2023-03-06,44.31095504760742
2023-03-07,43.56069564819336
2023-03-08,43.73453140258789
2023-03-09,43.20386505126953
2023-03-10,42.81044387817383
2023-03-13,42.6365966796875
2023-03-14,43.057472229003906
2023-03-15,41.89549255371094
2023-03-16,42.53594970703125
2023-03-17,42.124229431152344
2023-03-20,42.61830520629883
2023-03-21,43.15811538696289
2023-03-22,43.10322570800781
2023-03-23,43.24046325683594
2023-03-24,43.13982009887695
2023-03-27,43.36855697631836
2023-03-28,43.56984329223633
2023-03-29,43.9724235534668
2023-03-30,44.47564697265625
2023-03-31,44.622039794921875
2023-04-03,44.94226837158203
2023-04-04,44.93312072753906
2023-04-05,44.622039794921875
2023-04-06,44.80502700805664
2023-04-10,44.84162139892578
2023-04-11,45.015464782714844
2023-04-12,45.116111755371094
2023-04-13,45.738277435302734
2023-04-14,45.536983489990234
2023-04-17,45.5461311340332
2023-04-18,45.70167541503906
2023-04-19,45.46378707885742
2023-04-20,45.44548416137695
2023-04-21,45.43634033203125
2023-04-24,45.49123764038086
2023-04-25,44.795875549316406
2023-04-26,44.82332229614258
2023-04-27,45.39059066772461
2023-04-28,45.45464324951172
2023-05-01,45.372291564941406
2023-05-02,44.91481399536133
2023-05-03,44.95142364501953
2023-05-04,44.98801040649414
2023-05-05,45.68337631225586
2023-05-08,45.71997833251953
2023-05-09,45.49123764038086
2023-05-10,45.44548416137695
2023-05-11,45.27164840698242
2023-05-12,45.06121063232422
2023-05-15,45.5552864074707
2023-05-16,45.12526321411133
2023-05-17,45.3173942565918
2023-05-18,45.21675109863281
2023-05-19,45.372291564941406
2023-05-22,45.482086181640625
2023-05-23,44.83247756958008
2023-05-24,44.24690246582031
2023-05-25,44.15541458129883
2023-05-26,44.69523239135742
2023-05-30,44.21946334838867
2023-05-31,43.75283432006836
2023-06-01,44.47564697265625
2023-06-02,45.13440704345703
2023-06-05,44.92396545410156
2023-06-06,45.3173942565918
2023-06-07,44.99006271362305
2023-06-08,45.39923095703125
2023-06-09,45.41783142089844
2023-06-12,45.56662368774414
2023-06-13,46.02228546142578
2023-06-14,46.198974609375
2023-06-15,46.68253707885742
2023-06-16,46.561641693115234
2023-06-20,45.84559631347656
2023-06-21,45.873497009277344
2023-06-22,45.62241744995117
2023-06-23,44.934268951416016
2023-06-26,45.05516052246094
2023-06-27,45.45502853393555
2023-06-28,45.408531188964844
2023-06-29,45.31553268432617
2023-06-30,45.77119827270508
2023-07-03,45.95718765258789
2023-07-05,45.49222183227539
2023-07-06,44.664588928222656
2023-07-07,45.073753356933594
2023-07-10,45.15745162963867
2023-07-11,45.5759162902832
2023-07-12,46.46865463256836
2023-07-13,47.18470001220703
2023-07-14,46.8778190612793
2023-07-17,46.88711929321289
2023-07-18,46.998714447021484
2023-07-19,47.03590774536133
2023-07-20,46.80342483520508
2023-07-21,46.822021484375
2023-07-24,46.952213287353516
2023-07-25,47.11960220336914
2023-07-26,47.24979782104492
2023-07-27,46.98941421508789
2023-07-28,47.55666732788086
2023-07-31,47.565975189208984
2023-08-01,46.98011016845703
2023-08-02,46.02228546142578
2023-08-03,45.98509216308594
2023-08-04,46.059478759765625
2023-08-07,46.301265716552734
2023-08-08,45.93859100341797
2023-08-09,45.97578430175781
2023-08-10,46.133872985839844
2023-08-11,45.72470474243164
2023-08-14,45.52012634277344
2023-08-15,44.934268951416016
2023-08-16,44.56229019165039
2023-08-17,44.39490509033203
2023-08-18,44.28330993652344
2023-08-21,44.44139862060547
2023-08-22,44.34840774536133
2023-08-23,44.86916732788086
2023-08-24,44.39490509033203
2023-08-25,44.61808776855469
2023-08-28,45.08305358886719
2023-08-29,45.67820739746094
2023-08-30,45.6317138671875
2023-08-31,45.30624008178711
2023-09-01,45.501522064208984
2023-09-05,45.12955093383789
2023-09-06,44.94356918334961
2023-09-07,44.69248580932617
2023-09-08,44.6552848815918
2023-09-11,45.12955093383789
2023-09-12,44.98076248168945
2023-09-13,44.88777160644531
2023-09-14,45.408531188964844
2023-09-15,45.30624008178711
2023-09-18,45.18534851074219
2023-09-19,45.101654052734375
2023-09-20,44.99006271362305
2023-09-21,44.1810188293457
2023-09-22,44.339107513427734
2023-09-25,44.1810188293457
2023-09-26,43.57656478881836
2023-09-27,43.52076721191406
2023-09-28,43.799747467041016
2023-09-29,43.7160530090332
2023-10-02,43.167396545410156
2023-10-03,42.609439849853516
2023-10-04,42.59083938598633
2023-10-05,42.93491744995117
2023-10-06,43.44637680053711
2023-10-09,43.38127899169922
2023-10-10,43.99503707885742
2023-10-11,44.19961929321289
2023-10-12,43.781158447265625
2023-10-13,43.49287414550781
2023-10-16,43.79045104980469
2023-10-17,43.781158447265625
2023-10-18,43.0465087890625
2023-10-19,42.721031188964844
2023-10-20,42.29326248168945
2023-10-23,42.274662017822266
2023-10-24,42.60013961791992
2023-10-25,42.20956802368164
2023-10-26,41.93058776855469
2023-10-27,41.82829666137695
2023-10-30,42.34906005859375
2023-10-31,42.34906005859375
2023-11-01,42.76752853393555
2023-11-02,43.65095520019531
2023-11-03,44.26471710205078
2023-11-06,44.26471710205078
2023-11-07,43.98573303222656
2023-11-08,43.88344192504883
2023-11-09,43.743953704833984
2023-11-10,44.013633728027344
2023-11-13,44.097328186035156
2023-11-14,45.21324157714844
2023-11-15,45.25973892211914
2023-11-16,45.101654052734375
2023-11-17,45.5294189453125
2023-11-20,45.81769943237305
2023-11-21,45.60381317138672
2023-11-22,45.650306701660156
2023-11-24,45.91999053955078
2023-11-27,45.75260543823242
2023-11-28,45.873497009277344
2023-11-29,45.85490036010742
2023-11-30,45.85490036010742
2023-12-01,46.264068603515625
2023-12-04,45.86419677734375
2023-12-05,45.68751525878906
2023-12-06,45.74330520629883
2023-12-07,45.9478874206543
2023-12-08,46.01298141479492
2023-12-11,46.1431770324707
2023-12-12,46.189666748046875
2023-12-13,46.84062576293945
2023-12-14,47.26839065551758
2023-12-15,46.84062576293945
2023-12-18,46.961517333984375
2023-12-19,47.426483154296875
2023-12-20,46.79835510253906
2023-12-21,47.59058380126953
2023-12-22,47.581153869628906
2023-12-26,47.85466766357422
2023-12-27,48.08102035522461
2023-12-28,48.08102035522461
2023-12-29,48.13760757446289
2024-01-02,47.552860260009766
2024-01-03,47.24162673950195
2024-01-04,47.2982177734375
2024-01-05,47.354801177978516
2024-01-08,47.666038513183594
2024-01-09,47.1944694519043
2024-01-10,47.364234924316406
2024-01-11,47.41139221191406
2024-01-12,47.562294006347656
2024-01-16,46.741764068603516
2024-01-17,46.175880432128906
2024-01-18,46.5814323425293
2024-01-19,46.8266487121582
2024-01-22,46.81721115112305
2024-01-23,46.84550476074219
2024-01-24,47.23219680786133
2024-01-25,47.326507568359375
2024-01-26,47.496273040771484
2024-01-29,47.71319580078125
2024-01-30,47.581153869628906
2024-01-31,47.30764389038086
2024-02-01,47.76978302001953
2024-02-02,47.4396858215332
2024-02-05,47.21333312988281
2024-02-06,47.74148941040039
2024-02-07,47.76978302001953
2024-02-08,47.60945129394531
2024-02-09,47.8075065612793
2024-02-12,47.99613571166992
2024-02-13,47.137882232666016
2024-02-14,47.7320556640625
2024-02-15,48.23191833496094
2024-02-16,48.31679916381836
2024-02-20,48.45827102661133
2024-02-21,48.50542449951172
2024-02-22,49.005287170410156
2024-02-23,49.07130813598633
2024-02-26,48.92983627319336
2024-02-27,49.02415084838867
2024-02-28,48.63746643066406
2024-02-29,48.741214752197266
2024-03-01,49.28822326660156
2024-03-04,49.16562271118164
2024-03-05,48.976993560791016
2024-03-06,49.58060073852539
2024-03-07,50.11819076538086
2024-03-08,49.97671890258789
2024-03-11,49.816383361816406
2024-03-12,50.25965881347656
2024-03-13,50.21250534057617
2024-03-14,49.90126419067383
2024-03-15,49.797523498535156
2024-03-18,49.816383361816406
2024-03-19,49.797523498535156
2024-03-20,50.344539642333984
2024-03-21,50.353973388671875
2024-03-22,50.127620697021484
2024-03-25,50.08989334106445
2024-03-26,50.10875701904297
2024-03-27,50.382266998291016
2024-03-28,50.353973388671875
2024-04-01,50.48600769042969
2024-04-02,50.0427360534668
2024-04-03,50.25022506713867
2024-04-04,49.92955780029297
2024-04-05,50.08045959472656
2024-04-08,50.31623840332031
2024-04-09,50.429420471191406
2024-04-10,49.7503662109375
2024-04-11,49.90126419067383
2024-04-12,49.01472091674805
2024-04-15,48.77893829345703
2024-04-16,48.28850173950195
2024-04-17,48.28850173950195
2024-04-18,48.279075622558594
2024-04-19,48.25078201293945
2024-04-22,48.79780197143555
2024-04-23,49.28822326660156
2024-04-24,49.203346252441406
2024-04-25,49.156192779541016
2024-04-26,49.54287338256836
2024-04-29,49.816383361816406
2024-04-30,49.127899169921875
2024-05-01,49.07130813598633
2024-05-02,49.91069793701172
2024-05-03,50.3634033203125
2024-05-06,50.66520690917969
2024-05-07,50.62748336791992
2024-05-08,50.580326080322266
2024-05-09,50.88212585449219
2024-05-10,50.95757293701172
2024-05-13,51.08961486816406
2024-05-14,51.381988525390625
2024-05-15,51.9101448059082
2024-05-16,51.778106689453125
2024-05-17,51.97616195678711
2024-05-20,51.95730209350586
2024-05-21,51.796966552734375
2024-05-22,51.41971206665039
2024-05-23,51.1179084777832
2024-05-24,51.44800567626953
2024-05-28,51.410282135009766
2024-05-29,50.599185943603516
2024-05-30,50.87269592285156
2024-05-31,51.07075119018555
2024-06-03,51.33483123779297
2024-06-04,51.042457580566406
2024-06-05,51.53289031982422
2024-06-06,51.740379333496094
2024-06-07,51.16506576538086
2024-06-10,51.24052429199219
2024-06-11,50.746734619140625
2024-06-12,51.32090377807617
2024-06-13,50.77544403076172
2024-06-14,50.45964813232422
2024-06-17,50.631900787353516
2024-06-18,50.90941619873047
2024-06-20,50.90941619873047
2024-06-21,50.612762451171875
2024-06-24,50.947696685791016
2024-06-25,50.995540618896484
2024-06-26,50.698890686035156
2024-06-27,50.794586181640625
2024-06-28,50.842430114746094
2024-07-01,50.91898727416992
2024-07-02,51.07209777832031
2024-07-03,51.69411087036133
2024-07-05,51.9811897277832
2024-07-08,51.80894088745117
2024-07-09,51.74195861816406
2024-07-10,52.34483337402344
2024-07-11,52.5457878112793
2024-07-12,53.024261474609375
2024-07-15,52.55535888671875
2024-07-16,52.81373596191406
2024-07-17,52.34483337402344
2024-07-18,51.837650299072266
2024-07-19,51.48358154296875
2024-07-22,51.96205520629883
2024-07-23,51.62712478637695
2024-07-24,50.97640609741211
2024-07-25,50.698890686035156
2024-07-26,51.31132888793945
2024-07-29,51.07209777832031
2024-07-30,51.11037063598633
2024-07-31,51.94291687011719
2024-08-01,50.698890686035156
2024-08-02,49.91419219970703
2024-08-05,48.79457092285156
2024-08-06,48.985958099365234
2024-08-07,49.23476791381836
2024-08-08,50.16299819946289
2024-08-09,50.36396026611328
2024-08-12,50.41180419921875
2024-08-13,51.13908004760742
2024-08-14,51.21563720703125
2024-08-15,51.84722137451172
2024-08-16,52.21086120605469
2024-08-19,52.78502655029297
2024-08-20,52.536224365234375
2024-08-21,52.92856979370117
2024-08-22,52.526649475097656
2024-08-23,53.454891204833984
2024-08-26,53.20608139038086
2024-08-27,53.387901306152344
2024-08-28,53.1008186340332
2024-08-29,53.27306365966797
2024-08-30,53.34962463378906
2024-09-03,52.450096130371094
2024-09-04,52.316123962402344
2024-09-05,52.335262298583984
2024-09-06,51.40702819824219
2024-09-09,51.904640197753906
2024-09-10,51.69411087036133
2024-09-11,52.00033187866211
2024-09-12,52.47880554199219
2024-09-13,52.63191223144531
2024-09-16,52.99555206298828
2024-09-17,52.81373596191406
2024-09-18,52.67975997924805
2024-09-19,53.72282791137695
2024-09-20,53.330482482910156
2024-09-23,53.60799789428711
2024-09-24,54.4213981628418
2024-09-25,54.01948547363281
2024-09-26,55.32093048095703
2024-09-27,55.08169174194336
2024-09-30,54.75633239746094
2024-10-01,54.65106964111328
2024-10-02,54.727622985839844
2024-10-03,54.1725959777832
2024-10-04,54.593650817871094
2024-10-07,54.52666473388672
2024-10-08,54.00991439819336
2024-10-09,53.95249938964844
2024-10-10,53.96207046508789
2024-10-11,54.268287658691406
2024-10-14,54.2969970703125
2024-10-15,53.34962463378906
2024-10-16,53.60799789428711
2024-10-17,53.56972122192383
2024-10-18,53.97163772583008
2024-10-21,53.47402572631836
2024-10-22,53.23479080200195
2024-10-23,52.79458999633789
2024-10-24,52.93813705444336
2024-10-25,52.80416488647461
2024-10-28,53.158233642578125
2024-10-29,52.96684646606445
2024-10-30,52.603206634521484
2024-10-31,52.21086120605469
2024-11-01,52.335262298583984
2024-11-04,52.46923828125
2024-11-05,53.043399810791016
2024-11-06,52.38311004638672
2024-11-07,53.292205810546875
2024-11-08,52.42138671875
2024-11-11,52.335262298583984
2024-11-12,51.48358154296875
2024-11-13,51.17736053466797
2024-11-14,51.13908004760742
2024-11-15,51.05295181274414
2024-11-18,51.435733795166016
2024-11-19,51.416595458984375
2024-11-20,51.301761627197266
2024-11-21,51.38788604736328
2024-11-22,51.4931526184082
2024-11-25,51.63669204711914
2024-11-26,51.37831497192383
2024-11-27,51.60798645019531
2024-11-29,52.067317962646484
2024-12-02,52.239566802978516
2024-12-03,52.450096130371094
2024-12-04,52.526649475097656
2024-12-05,52.81373596191406
2024-12-06,52.718040466308594
2024-12-09,52.99555206298828
2024-12-10,52.45966339111328
2024-12-11,52.72760772705078
2024-12-12,52.316123962402344
2024-12-13,52.21086120605469
2024-12-16,52.0577507019043
2024-12-17,51.85100173950195
2024-12-18,50.56977081298828
2024-12-19,50.58918762207031
2024-12-20,50.56977081298828
2024-12-23,50.870670318603516
2024-12-24,51.055084228515625
2024-12-26,51.1618537902832
2024-12-27,51.04538345336914
2024-12-30,50.67654037475586
2024-12-31,50.62800979614258
2025-01-02,50.521240234375
2025-01-03,50.79301834106445
2025-01-06,51.17156219482422
2025-01-07,50.996849060058594
2025-01-08,50.95802307128906
2025-01-10,50.08445358276367
2025-01-13,49.8806266784668
2025-01-14,50.181522369384766
2025-01-15,50.77360534667969
2025-01-16,50.9192008972168
2025-01-17,51.19097900390625
2025-01-21,52.01601028442383
2025-01-22,51.94806671142578
2025-01-23,52.26837158203125
2025-01-24,52.53044128417969
2025-01-27,52.24896240234375
2025-01-28,52.32661056518555
2025-01-29,52.2974967956543
2025-01-30,52.97693634033203
2025-01-31,52.394554138183594
2025-02-03,51.880123138427734
2025-02-04,52.598384857177734
2025-02-05,52.918697357177734
2025-02-06,53.13223648071289
2025-02-07,52.811927795410156
2025-02-10,53.24871063232422
2025-02-11,53.36518478393555
2025-02-12,53.54960250854492
2025-02-13,54.141685485839844
2025-02-14,54.26786804199219
2025-02-18,54.675537109375
2025-02-19,54.26786804199219
2025-02-20,54.58817672729492
2025-02-21,54.24845504760742
2025-02-24,53.976680755615234
2025-02-25,54.31639862060547
2025-02-26,54.510528564453125
2025-02-27,53.75343704223633
2025-02-28,53.69519805908203
2025-03-03,53.821380615234375
2025-03-04,53.9378547668457
2025-03-05,55.24820327758789
2025-03-06,54.78230285644531
2025-03-07,55.219085693359375
2025-03-10,53.92815017700195
2025-03-11,53.9378547668457
2025-03-12,54.28728485107422
2025-03-13,53.91844177246094
2025-03-14,54.908485412597656
2025-03-17,55.66557312011719
2025-03-18,55.568511962890625
2025-03-19,55.74322509765625
2025-03-20,55.30644226074219
2025-03-21,54.98613357543945
2025-03-24,55.12202453613281
2025-03-25,55.3161506652832
2025-03-26,54.714359283447266
2025-03-27,54.84054183959961
2025-03-28,54.180511474609375
2025-03-31,53.821380615234375
2025-04-01,54.005802154541016
2025-04-02,54.131980895996094
2025-04-03,53.03517150878906
2025-04-04,49.71562194824219
2025-04-07,48.43438720703125
2025-04-08,48.02672576904297
2025-04-09,51.43363571166992
2025-04-10,50.61830520629883
2025-04-11,51.938358306884766
2025-04-14,52.50132369995117
2025-04-15,52.811927795410156
2025-04-16,52.5401496887207
2025-04-17,53.04487609863281
2025-04-21,52.82162857055664
2025-04-22,53.821380615234375
2025-04-23,54.10286331176758
2025-04-24,54.78230285644531
2025-04-25,54.87936782836914
2025-04-28,55.170555114746094
2025-04-29,55.24820327758789
2025-04-30,55.27732467651367
2025-05-01,55.160850524902344
2025-05-02,56.32560348510742
2025-05-05,56.51002502441406
2025-05-06,56.39354705810547
2025-05-07,56.082942962646484
2025-05-08,55.92764663696289
2025-05-09,56.19942092895508
2025-05-12,56.78179931640625
2025-05-13,56.8497428894043
2025-05-14,56.80120849609375
2025-05-15,57.19916915893555
2025-05-16,57.276817321777344
2025-05-19,57.694190979003906
2025-05-20,57.87861251831055
2025-05-21,57.60683059692383
2025-05-22,57.519474029541016
2025-05-23,57.70389938354492
2025-05-27,58.20862579345703
2025-05-28,57.70389938354492
2025-05-29,57.90773010253906
2025-05-30,57.73301315307617
2025-06-02,58.36392593383789
2025-06-03,58.11155700683594
2025-06-04,58.49010467529297
2025-06-05,58.55805206298828
2025-06-06,58.76188278198242
2025-06-09,58.86865234375
2025-06-10,59.072486877441406
2025-06-11,59.101600646972656
2025-06-12,59.42190933227539
2025-06-13,58.655113220214844
2025-06-16,59.0557746887207
2025-06-17,58.28792190551758
2025-06-18,58.346988677978516
2025-06-20,57.8941535949707
2025-06-23,58.35683059692383
2025-06-24,59.25265884399414
2025-06-25,59.0557746887207
2025-06-26,59.64643096923828
2025-06-27,59.87284851074219
2025-06-30,59.9909782409668
2025-07-01,59.981136322021484
2025-07-02,60.13864517211914
2025-07-03,60.2961540222168
2025-07-07,59.61689758300781
2025-07-08,59.951602935791016
2025-07-09,60.22724151611328
2025-07-10,60.28630828857422
2025-07-11,59.83346939086914
2025-07-14,59.90237808227539
2025-07-15,59.56767272949219
2025-07-16,59.87284851074219
2025-07-17,60.05988693237305
2025-07-18,59.912227630615234
2025-07-21,60.25677490234375
2025-07-22,60.483192443847656
2025-07-23,61.64481735229492
2025-07-24,61.22151184082031
2025-07-25,61.123069763183594
2025-07-28,60.355220794677734
2025-07-29,60.28630828857422
2025-07-30,59.87284851074219
2025-07-31,59.32156753540039
2025-08-01,59.075462341308594
2025-08-04,59.82362747192383
2025-08-05,59.94175720214844
2025-08-06,60.33552932739258
2025-08-07,60.80805587768555
2025-08-08,60.995094299316406
2025-08-11,60.7686767578125
2025-08-12,61.516841888427734
2025-08-13,61.95983123779297
2025-08-14,61.66450500488281
2025-08-15,61.96967697143555
2025-08-18,62.018898010253906
2025-08-19,61.84170150756836
2025-08-20,61.92045974731445
2025-08-21,61.70388412475586
2025-08-22,62.68830871582031
2025-08-25,62.048431396484375
2025-08-26,61.9893684387207
2025-08-27,61.82201385498047
2025-08-28,62.05827713012695
2025-08-29,61.7629508972168
2025-09-02,61.359336853027344
2025-09-03,61.47746658325195
2025-09-04,61.75310516357422
2025-09-05,62.1271858215332
2025-09-08,62.71784210205078
2025-09-09,62.64893341064453
2025-09-10,62.76706314086914
2025-09-11,63.495540618896484
2025-09-12,63.29865646362305
2025-09-15,63.80070877075195
2025-09-16,63.820404052734375
2025-09-17,63.77117919921875
2025-09-18,63.840087890625
2025-09-19,63.66289138793945
2025-09-22,63.8991584777832
2025-09-23,63.84993362426758
2025-09-24,63.51522445678711
2025-09-25,63.101768493652344
2025-09-26,63.38725280761719
2025-09-29,63.75149154663086
2025-09-30,63.99760055541992
2025-10-01,64.51934814453125
2025-10-02,64.69654083251953
2025-10-03,65.13953399658203
2025-10-06,65.33641815185547
2025-10-07,64.82451629638672
2025-10-08,65.12969207763672
2025-10-09,64.54887390136719
2025-10-10,62.983638763427734
2025-10-13,63.958221435546875
2025-10-14,64.02713012695312
2025-10-15,64.53903198242188
2025-10-16,64.83435821533203
2025-10-17,64.8638916015625
2025-10-20,65.51361846923828
2025-10-21,64.93280029296875
2025-10-22,64.89342498779297
2025-10-23,65.2576675415039
2025-10-24,65.50376892089844
2025-10-27,66.00582885742188
2025-10-28,66.04520416259766
2025-10-29,65.83847045898438
2025-10-30,65.45454406738281
2025-10-31,65.31672668457031
2025-11-03,65.46439361572266
2025-11-04,64.57840728759766
2025-11-05,65.04109191894531
2025-11-06,64.7851333618164
2025-11-07,64.89342498779297
2025-11-10,65.75972747802734
2025-11-11,66.08457946777344
2025-11-12,66.39959716796875
2025-11-13,65.612060546875
2025-11-14,65.5234603881836
2025-11-17,64.71622467041016
2025-11-18,64.12557220458984
2025-11-19,63.9483757019043
2025-11-20,63.072235107421875
2025-11-21,63.7022705078125
2025-11-24,63.9779052734375
2025-11-25,64.55872344970703
2025-11-26,65.2182846069336
2025-11-28,65.45454406738281
2025-12-01,65.20844268798828
2025-12-02,65.31672668457031
2025-12-03,65.57267761230469
2025-12-04,65.77941131591797
2025-12-05,65.92707824707031
2025-12-08,65.71050262451172
2025-12-09,65.64159393310547
2025-12-10,66.37991333007812
2025-12-11,66.58663940429688
2025-12-12,66.11412048339844
2025-12-15,66.31100463867188
2025-12-16,65.91999816894531
2025-12-17,65.38999938964844
2025-12-18,65.9800033569336
2025-12-19,66.4800033569336
2025-12-22,66.73999786376953
2025-12-23,67.19000244140625
2025-12-24,67.25
2025-12-26,67.48999786376953
2025-12-29,67.27999877929688
2025-12-30,67.43000030517578
2025-12-31,67.12999725341797
2026-01-02,68.12999725341797
2026-01-05,68.87999725341797
2026-01-06,69.13999938964844
2026-01-07,68.75
2026-01-08,68.75
2026-01-09,69.25
2026-01-12,69.81999969482422
2026-01-13,69.45999908447266
2026-01-14,69.76000213623047
2026-01-15,69.93000030517578
2026-01-16,69.88999938964844
2026-01-20,69.02999877929688
2026-01-21,69.73999786376953
2026-01-22,70.1500015258789
2026-01-23,70.56999969482422
2026-01-26,70.83000183105469
2026-01-27,71.97000122070312
2026-01-28,71.70999908447266
2026-01-29,71.93000030517578
2026-01-30,70.77999877929688
2026-02-02,71.22000122070312
2026-02-03,71.33999633789062
2026-02-04,71.19999694824219
2026-02-05,70.4000015258789
2026-02-06,72.05000305175781
2026-02-09,72.94999694824219
2026-02-10,73.16000366210938
2026-02-11,73.76000213623047
2026-02-12,73.0
2026-02-13,73.25
2026-02-17,73.0999984741211
2026-02-18,73.3499984741211
2026-02-19,73.22000122070312
2026-02-20,74.12000274658203
2026-02-23,73.6500015258789
2026-02-24,74.08999633789062
2026-02-25,74.83999633789062
2026-02-26,74.62999725341797
2026-02-27,74.44999694824219
2026-03-02,73.18000030517578
2026-03-03,70.62999725341797
2026-03-04,71.41999816894531
2026-03-05,69.87999725341797
2026-03-06,69.30000305175781
2026-03-09,70.08999633789062
2026-03-10,70.29000091552734
2026-03-11,70.22000122070312
2026-03-12,68.80999755859375
2026-03-13,68.19999694824219
2026-03-16,69.62999725341797
2026-03-17,69.91999816894531
2026-03-18,68.58999633789062
2026-03-19,68.45999908447266
2026-03-20,66.37000274658203
2026-03-23,68.02999877929688
2026-03-24,67.5
2026-03-25,68.51000213623047
2026-03-26,66.80999755859375
2026-03-27,66.33000183105469
2026-03-30,66.29000091552734
